"repo_url","filename","snapshot_commit","snapshot_timestamp","pagerank","cyclomatic_complexity","loc","function_count","class_count","max_nesting_depth","smell_count_total","smell_breakdown","maintainability_index","label"
"https://github.com/pypa/sampleproject.git","setup.py","215d8d6c2dc68a04f5f28414390dedc9020e708d","2013-12-03T16:42:22Z","0.3333","1","35","0","0","1","0","{'deep_nesting': 0, 'god_class': 0, 'large_file': 0, 'long_function': 0, 'too_many_parameters': 0}","96.25","1"
"https://github.com/pypa/sampleproject.git","sample/__init__.py","215d8d6c2dc68a04f5f28414390dedc9020e708d","2013-12-03T16:42:22Z","0.3333","1","4","1","0","1","0","{'deep_nesting': 0, 'god_class': 0, 'large_file': 0, 'long_function': 0, 'too_many_parameters': 0}","97.8","0"
"https://github.com/pypa/sampleproject.git","tests/test_simple.py","215d8d6c2dc68a04f5f28414390dedc9020e708d","2013-12-03T16:42:22Z","0.3333","1","5","1","1","2","0","{'deep_nesting': 0, 'god_class': 0, 'large_file': 0, 'long_function': 0, 'too_many_parameters': 0}","97.75","0"
"https://github.com/pypa/sampleproject.git","tests/__init__.py","215d8d6c2dc68a04f5f28414390dedc9020e708d","2013-12-03T16:42:22Z","0.3333","1","0","0","0","0","0","{'deep_nesting': 0, 'god_class': 0, 'large_file': 0, 'long_function': 0, 'too_many_parameters': 0}","98.0","0"
"https://github.com/pypa/sampleproject.git","setup.py","fbb25363802e0eef08b06172865121661c7c63c0","2014-03-11T04:42:41Z","0.3333","2","49","1","0","2","0","{'deep_nesting': 0, 'god_class': 0, 'large_file': 0, 'long_function': 0, 'too_many_parameters': 0}","93.55","1"
"https://github.com/pypa/sampleproject.git","sample/__init__.py","fbb25363802e0eef08b06172865121661c7c63c0","2014-03-11T04:42:41Z","0.3333","1","4","1","0","1","0","{'deep_nesting': 0, 'god_class': 0, 'large_file': 0, 'long_function': 0, 'too_many_parameters': 0}","97.8","0"
"https://github.com/pypa/sampleproject.git","tests/test_simple.py","fbb25363802e0eef08b06172865121661c7c63c0","2014-03-11T04:42:41Z","0.3333","1","5","1","1","2","0","{'deep_nesting': 0, 'god_class': 0, 'large_file': 0, 'long_function': 0, 'too_many_parameters': 0}","97.75","0"
"https://github.com/pypa/sampleproject.git","tests/__init__.py","fbb25363802e0eef08b06172865121661c7c63c0","2014-03-11T04:42:41Z","0.3333","1","0","0","0","0","0","{'deep_nesting': 0, 'god_class': 0, 'large_file': 0, 'long_function': 0, 'too_many_parameters': 0}","98.0","0"
"https://github.com/pypa/sampleproject.git","setup.py","f9b9131491db5110f4dbc839f40b94b0f28fcf85","2015-03-17T16:03:57Z","0.3333","1","50","0","0","1","0","{'deep_nesting': 0, 'god_class': 0, 'large_file': 0, 'long_function': 0, 'too_many_parameters': 0}","95.5","0"
"https://github.com/pypa/sampleproject.git","sample/__init__.py","f9b9131491db5110f4dbc839f40b94b0f28fcf85","2015-03-17T16:03:57Z","0.3333","1","3","1","0","1","0","{'deep_nesting': 0, 'god_class': 0, 'large_file': 0, 'long_function': 0, 'too_many_parameters': 0}","97.85","0"
"https://github.com/pypa/sampleproject.git","tests/test_simple.py","f9b9131491db5110f4dbc839f40b94b0f28fcf85","2015-03-17T16:03:57Z","0.3333","1","5","1","1","2","0","{'deep_nesting': 0, 'god_class': 0, 'large_file': 0, 'long_function': 0, 'too_many_parameters': 0}","97.75","0"
"https://github.com/pypa/sampleproject.git","tests/__init__.py","f9b9131491db5110f4dbc839f40b94b0f28fcf85","2015-03-17T16:03:57Z","0.3333","1","0","0","0","0","0","{'deep_nesting': 0, 'god_class': 0, 'large_file': 0, 'long_function': 0, 'too_many_parameters': 0}","98.0","0"
"https://github.com/pypa/sampleproject.git","setup.py","a9c1287d5f9825d8d8fce32f7ab4bc7813b97179","2017-03-01T14:59:52Z","0.3333","1","49","0","0","1","0","{'deep_nesting': 0, 'god_class': 0, 'large_file': 0, 'long_function': 0, 'too_many_parameters': 0}","95.55","0"
"https://github.com/pypa/sampleproject.git","sample/__init__.py","a9c1287d5f9825d8d8fce32f7ab4bc7813b97179","2017-03-01T14:59:52Z","0.3333","1","3","1","0","1","0","{'deep_nesting': 0, 'god_class': 0, 'large_file': 0, 'long_function': 0, 'too_many_parameters': 0}","97.85","0"
"https://github.com/pypa/sampleproject.git","tests/test_simple.py","a9c1287d5f9825d8d8fce32f7ab4bc7813b97179","2017-03-01T14:59:52Z","0.3333","1","2","1","0","1","0","{'deep_nesting': 0, 'god_class': 0, 'large_file': 0, 'long_function': 0, 'too_many_parameters': 0}","97.9","0"
"https://github.com/pypa/sampleproject.git","tests/__init__.py","a9c1287d5f9825d8d8fce32f7ab4bc7813b97179","2017-03-01T14:59:52Z","0.3333","1","0","0","0","0","0","{'deep_nesting': 0, 'god_class': 0, 'large_file': 0, 'long_function': 0, 'too_many_parameters': 0}","98.0","0"
"https://github.com/pypa/sampleproject.git","setup.py","dc3766c676734261a0ae67dc87809ea050a608b3","2018-08-28T17:40:08Z","0.3333","1","55","0","0","1","0","{'deep_nesting': 0, 'god_class': 0, 'large_file': 0, 'long_function': 0, 'too_many_parameters': 0}","95.25","0"
"https://github.com/pypa/sampleproject.git","sample/__init__.py","dc3766c676734261a0ae67dc87809ea050a608b3","2018-08-28T17:40:08Z","0.3333","1","3","1","0","1","0","{'deep_nesting': 0, 'god_class': 0, 'large_file': 0, 'long_function': 0, 'too_many_parameters': 0}","97.85","0"
"https://github.com/pypa/sampleproject.git","tests/test_simple.py","dc3766c676734261a0ae67dc87809ea050a608b3","2018-08-28T17:40:08Z","0.3333","1","2","1","0","1","0","{'deep_nesting': 0, 'god_class': 0, 'large_file': 0, 'long_function': 0, 'too_many_parameters': 0}","97.9","0"
"https://github.com/pypa/sampleproject.git","tests/__init__.py","dc3766c676734261a0ae67dc87809ea050a608b3","2018-08-28T17:40:08Z","0.3333","1","0","0","0","0","0","{'deep_nesting': 0, 'god_class': 0, 'large_file': 0, 'long_function': 0, 'too_many_parameters': 0}","98.0","0"
"https://github.com/pypa/sampleproject.git","setup.py","0853b2debb9d719a550cfa0192b8bdb86d54fd2a","2020-05-04T19:52:01Z","0.3333","1","58","0","0","1","0","{'deep_nesting': 0, 'god_class': 0, 'large_file': 0, 'long_function': 0, 'too_many_parameters': 0}","95.1","1"
"https://github.com/pypa/sampleproject.git","src/sample/__init__.py","0853b2debb9d719a550cfa0192b8bdb86d54fd2a","2020-05-04T19:52:01Z","0.3333","1","3","1","0","1","0","{'deep_nesting': 0, 'god_class': 0, 'large_file': 0, 'long_function': 0, 'too_many_parameters': 0}","97.85","0"
"https://github.com/pypa/sampleproject.git","tests/test_simple.py","0853b2debb9d719a550cfa0192b8bdb86d54fd2a","2020-05-04T19:52:01Z","0.3333","1","2","1","0","1","0","{'deep_nesting': 0, 'god_class': 0, 'large_file': 0, 'long_function': 0, 'too_many_parameters': 0}","97.9","0"
"https://github.com/pypa/sampleproject.git","tests/__init__.py","0853b2debb9d719a550cfa0192b8bdb86d54fd2a","2020-05-04T19:52:01Z","0.3333","1","0","0","0","0","0","{'deep_nesting': 0, 'god_class': 0, 'large_file': 0, 'long_function': 0, 'too_many_parameters': 0}","98.0","0"
"https://github.com/pypa/sampleproject.git","setup.py","d424e4310bda95f5ae8cfdf1de583a973680cf88","2022-03-11T23:48:54Z","0.25","1","56","0","0","0","0","{'deep_nesting': 0, 'god_class': 0, 'large_file': 0, 'long_function': 0, 'too_many_parameters': 0}","95.2","0"
"https://github.com/pypa/sampleproject.git","src/sample/simple.py","d424e4310bda95f5ae8cfdf1de583a973680cf88","2022-03-11T23:48:54Z","0.25","1","2","1","0","1","0","{'deep_nesting': 0, 'god_class': 0, 'large_file': 0, 'long_function': 0, 'too_many_parameters': 0}","97.9","0"
"https://github.com/pypa/sampleproject.git","src/sample/__init__.py","d424e4310bda95f5ae8cfdf1de583a973680cf88","2022-03-11T23:48:54Z","0.25","1","3","1","0","1","0","{'deep_nesting': 0, 'god_class': 0, 'large_file': 0, 'long_function': 0, 'too_many_parameters': 0}","97.85","0"
"https://github.com/pypa/sampleproject.git","tests/test_simple.py","d424e4310bda95f5ae8cfdf1de583a973680cf88","2022-03-11T23:48:54Z","0.25","2","7","1","1","2","0","{'deep_nesting': 0, 'god_class': 0, 'large_file': 0, 'long_function': 0, 'too_many_parameters': 0}","95.65","0"
"https://github.com/pypa/sampleproject.git","tests/__init__.py","d424e4310bda95f5ae8cfdf1de583a973680cf88","2022-03-11T23:48:54Z","0.25","1","0","0","0","0","0","{'deep_nesting': 0, 'god_class': 0, 'large_file': 0, 'long_function': 0, 'too_many_parameters': 0}","98.0","0"
"https://github.com/pallets/itsdangerous.git","itsdangerous.py","b393ac71cb83e67b037b5766a765b9138fbd15e5","2011-06-24T00:09:05Z","0.6491","19","221","25","9","4","0","{'deep_nesting': 0, 'god_class': 0, 'large_file': 0, 'long_function': 0, 'too_many_parameters': 0}","50.95","1"
"https://github.com/pallets/itsdangerous.git","tests.py","b393ac71cb83e67b037b5766a765b9138fbd15e5","2011-06-24T00:09:05Z","0.3509","5","67","4","5","3","0","{'deep_nesting': 0, 'god_class': 0, 'large_file': 0, 'long_function': 0, 'too_many_parameters': 0}","86.65","1"
"https://github.com/pallets/itsdangerous.git","itsdangerous.py","75db112ab70289b0618c28ec146d3fdb4ba397db","2013-05-18T18:25:57Z","0.3162","65","542","52","17","6","7","{'deep_nesting': 2, 'god_class': 1, 'large_file': 1, 'long_function': 1, 'too_many_parameters': 2}","0","1"
"https://github.com/pallets/itsdangerous.git","setup.py","75db112ab70289b0618c28ec146d3fdb4ba397db","2013-05-18T18:25:57Z","0.1709","2","22","0","0","1","0","{'deep_nesting': 0, 'god_class': 0, 'large_file': 0, 'long_function': 0, 'too_many_parameters': 0}","94.9","1"
"https://github.com/pallets/itsdangerous.git","tests.py","75db112ab70289b0618c28ec146d3fdb4ba397db","2013-05-18T18:25:57Z","0.1709","11","195","20","11","3","0","{'deep_nesting': 0, 'god_class': 0, 'large_file': 0, 'long_function': 0, 'too_many_parameters': 0}","68.25","1"
"https://github.com/pallets/itsdangerous.git","docs/conf.py","75db112ab70289b0618c28ec146d3fdb4ba397db","2013-05-18T18:25:57Z","0.1709","1","32","0","0","0","0","{'deep_nesting': 0, 'god_class': 0, 'large_file': 0, 'long_function': 0, 'too_many_parameters': 0}","96.4","0"
"https://github.com/pallets/itsdangerous.git","docs/_themes/flask_theme_support.py","75db112ab70289b0618c28ec146d3fdb4ba397db","2013-05-18T18:25:57Z","0.1709","1","68","0","1","1","0","{'deep_nesting': 0, 'god_class': 0, 'large_file': 0, 'long_function': 0, 'too_many_parameters': 0}","94.6","0"
"https://github.com/pallets/itsdangerous.git","itsdangerous.py","f7d6c8a8bc5b202ec43ea8e9e70db906f14696ad","2016-04-12T01:27:08Z","0.3814","72","656","62","19","6","8","{'deep_nesting': 2, 'god_class': 1, 'large_file': 1, 'long_function': 1, 'too_many_parameters': 3}","0","1"
"https://github.com/pallets/itsdangerous.git","setup.py","f7d6c8a8bc5b202ec43ea8e9e70db906f14696ad","2016-04-12T01:27:08Z","0.2062","1","32","0","0","1","0","{'deep_nesting': 0, 'god_class': 0, 'large_file': 0, 'long_function': 0, 'too_many_parameters': 0}","96.4","0"
"https://github.com/pallets/itsdangerous.git","tests.py","f7d6c8a8bc5b202ec43ea8e9e70db906f14696ad","2016-04-12T01:27:08Z","0.2062","13","239","28","13","3","0","{'deep_nesting': 0, 'god_class': 0, 'large_file': 0, 'long_function': 0, 'too_many_parameters': 0}","62.05","1"
"https://github.com/pallets/itsdangerous.git","docs/conf.py","f7d6c8a8bc5b202ec43ea8e9e70db906f14696ad","2016-04-12T01:27:08Z","0.2062","2","41","0","0","1","0","{'deep_nesting': 0, 'god_class': 0, 'large_file': 0, 'long_function': 0, 'too_many_parameters': 0}","93.95","1"
"https://github.com/pallets/itsdangerous.git","setup.py","3703fbdedd13b2630dd9be75a3638408c193765d","2020-04-14T23:48:30Z","0.042","1","2","0","0","0","0","{'deep_nesting': 0, 'god_class': 0, 'large_file': 0, 'long_function': 0, 'too_many_parameters': 0}","97.9","0"
"https://github.com/pallets/itsdangerous.git","docs/conf.py","3703fbdedd13b2630dd9be75a3638408c193765d","2020-04-14T23:48:30Z","0.042","1","40","0","0","0","0","{'deep_nesting': 0, 'god_class': 0, 'large_file': 0, 'long_function': 0, 'too_many_parameters': 0}","96.0","0"
"https://github.com/pallets/itsdangerous.git","src/itsdangerous/encoding.py","3703fbdedd13b2630dd9be75a3638408c193765d","2020-04-14T23:48:30Z","0.1123","3","32","5","0","2","0","{'deep_nesting': 0, 'god_class': 0, 'large_file': 0, 'long_function': 0, 'too_many_parameters': 0}","92.4","0"
"https://github.com/pallets/itsdangerous.git","src/itsdangerous/exc.py","3703fbdedd13b2630dd9be75a3638408c193765d","2020-04-14T23:48:30Z","0.2077","1","47","6","6","2","0","{'deep_nesting': 0, 'god_class': 0, 'large_file': 0, 'long_function': 0, 'too_many_parameters': 0}","95.65","0"
"https://github.com/pallets/itsdangerous.git","src/itsdangerous/jws.py","3703fbdedd13b2630dd9be75a3638408c193765d","2020-04-14T23:48:30Z","0.042","22","187","14","2","3","1","{'deep_nesting': 0, 'god_class': 0, 'large_file': 0, 'long_function': 0, 'too_many_parameters': 1}","41.65","0"
"https://github.com/pallets/itsdangerous.git","src/itsdangerous/serializer.py","3703fbdedd13b2630dd9be75a3638408c193765d","2020-04-14T23:48:30Z","0.0667","23","191","13","1","5","3","{'deep_nesting': 1, 'god_class': 1, 'large_file': 0, 'long_function': 0, 'too_many_parameters': 1}","29.45","0"
"https://github.com/pallets/itsdangerous.git","src/itsdangerous/signer.py","3703fbdedd13b2630dd9be75a3638408c193765d","2020-04-14T23:48:30Z","0.0738","15","136","12","4","6","3","{'deep_nesting': 2, 'god_class': 0, 'large_file': 0, 'long_function': 0, 'too_many_parameters': 1}","48.2","0"
"https://github.com/pallets/itsdangerous.git","src/itsdangerous/timed.py","3703fbdedd13b2630dd9be75a3638408c193765d","2020-04-14T23:48:30Z","0.0491","16","112","7","2","5","2","{'deep_nesting': 1, 'god_class': 0, 'large_file': 0, 'long_function': 1, 'too_many_parameters': 0}","52.4","1"
"https://github.com/pallets/itsdangerous.git","src/itsdangerous/url_safe.py","3703fbdedd13b2630dd9be75a3638408c193765d","2020-04-14T23:48:30Z","0.042","7","55","2","3","4","0","{'deep_nesting': 0, 'god_class': 0, 'large_file': 0, 'long_function': 0, 'too_many_parameters': 0}","83.25","0"
"https://github.com/pallets/itsdangerous.git","src/itsdangerous/_json.py","3703fbdedd13b2630dd9be75a3638408c193765d","2020-04-14T23:48:30Z","0.0705","2","14","2","1","2","0","{'deep_nesting': 0, 'god_class': 0, 'large_file': 0, 'long_function': 0, 'too_many_parameters': 0}","95.3","0"
"https://github.com/pallets/itsdangerous.git","src/itsdangerous/__init__.py","3703fbdedd13b2630dd9be75a3638408c193765d","2020-04-14T23:48:30Z","0.042","1","21","0","0","0","0","{'deep_nesting': 0, 'god_class': 0, 'large_file': 0, 'long_function': 0, 'too_many_parameters': 0}","96.95","0"
"https://github.com/pallets/itsdangerous.git","tests/test_itsdangerous/test_encoding.py","3703fbdedd13b2630dd9be75a3638408c193765d","2020-04-14T23:48:30Z","0","1","28","4","0","2","0","{'deep_nesting': 0, 'god_class': 0, 'large_file': 0, 'long_function': 0, 'too_many_parameters': 0}","96.6","0"
"https://github.com/pallets/itsdangerous.git","tests/test_itsdangerous/test_jws.py","3703fbdedd13b2630dd9be75a3638408c193765d","2020-04-14T23:48:30Z","0.042","1","96","12","2","3","0","{'deep_nesting': 0, 'god_class': 0, 'large_file': 0, 'long_function': 0, 'too_many_parameters': 0}","93.2","0"
"https://github.com/pallets/itsdangerous.git","tests/test_itsdangerous/test_serializer.py","3703fbdedd13b2630dd9be75a3638408c193765d","2020-04-14T23:48:30Z","0.042","6","136","18","4","5","2","{'deep_nesting': 1, 'god_class': 1, 'large_file': 0, 'long_function': 0, 'too_many_parameters': 0}","71.2","0"
"https://github.com/pallets/itsdangerous.git","tests/test_itsdangerous/test_signer.py","3703fbdedd13b2630dd9be75a3638408c193765d","2020-04-14T23:48:30Z","0.042","2","73","13","2","3","1","{'deep_nesting': 0, 'god_class': 1, 'large_file': 0, 'long_function': 0, 'too_many_parameters': 0}","87.35","0"
"https://github.com/pallets/itsdangerous.git","tests/test_itsdangerous/test_timed.py","3703fbdedd13b2630dd9be75a3638408c193765d","2020-04-14T23:48:30Z","0.042","1","63","10","3","3","0","{'deep_nesting': 0, 'god_class': 0, 'large_file': 0, 'long_function': 0, 'too_many_parameters': 0}","94.85","1"
"https://github.com/pallets/itsdangerous.git","tests/test_itsdangerous/test_url_safe.py","3703fbdedd13b2630dd9be75a3638408c193765d","2020-04-14T23:48:30Z","0.042","1","17","3","2","2","0","{'deep_nesting': 0, 'god_class': 0, 'large_file': 0, 'long_function': 0, 'too_many_parameters': 0}","97.15","0"
"https://github.com/pallets/itsdangerous.git","tests/test_itsdangerous/__init__.py","3703fbdedd13b2630dd9be75a3638408c193765d","2020-04-14T23:48:30Z","0.042","1","0","0","0","0","0","{'deep_nesting': 0, 'god_class': 0, 'large_file': 0, 'long_function': 0, 'too_many_parameters': 0}","98.0","0"
"https://github.com/pallets/itsdangerous.git","setup.py","8206d1190e2314623c58cb194dd400bc3193149a","2020-11-25T04:14:58Z","0.0416","1","2","0","0","0","0","{'deep_nesting': 0, 'god_class': 0, 'large_file': 0, 'long_function': 0, 'too_many_parameters': 0}","97.9","0"
"https://github.com/pallets/itsdangerous.git","docs/conf.py","8206d1190e2314623c58cb194dd400bc3193149a","2020-11-25T04:14:58Z","0.0416","1","42","0","0","0","0","{'deep_nesting': 0, 'god_class': 0, 'large_file': 0, 'long_function': 0, 'too_many_parameters': 0}","95.9","0"
"https://github.com/pallets/itsdangerous.git","src/itsdangerous/encoding.py","8206d1190e2314623c58cb194dd400bc3193149a","2020-11-25T04:14:58Z","0.1178","3","36","5","0","2","0","{'deep_nesting': 0, 'god_class': 0, 'large_file': 0, 'long_function': 0, 'too_many_parameters': 0}","92.2","0"
"https://github.com/pallets/itsdangerous.git","src/itsdangerous/exc.py","8206d1190e2314623c58cb194dd400bc3193149a","2020-11-25T04:14:58Z","0.218","1","61","6","6","2","0","{'deep_nesting': 0, 'god_class': 0, 'large_file': 0, 'long_function': 0, 'too_many_parameters': 0}","94.95","0"
"https://github.com/pallets/itsdangerous.git","src/itsdangerous/jws.py","8206d1190e2314623c58cb194dd400bc3193149a","2020-11-25T04:14:58Z","0.0416","22","203","14","2","3","1","{'deep_nesting': 0, 'god_class': 0, 'large_file': 0, 'long_function': 0, 'too_many_parameters': 1}","40.85","0"
"https://github.com/pallets/itsdangerous.git","src/itsdangerous/serializer.py","8206d1190e2314623c58cb194dd400bc3193149a","2020-11-25T04:14:58Z","0.0661","24","228","14","1","5","3","{'deep_nesting': 1, 'god_class': 1, 'large_file': 0, 'long_function': 0, 'too_many_parameters': 1}","25.6","0"
"https://github.com/pallets/itsdangerous.git","src/itsdangerous/signer.py","8206d1190e2314623c58cb194dd400bc3193149a","2020-11-25T04:14:58Z","0.0777","19","179","14","4","6","3","{'deep_nesting': 2, 'god_class': 0, 'large_file': 0, 'long_function': 0, 'too_many_parameters': 1}","38.05","0"
"https://github.com/pallets/itsdangerous.git","src/itsdangerous/timed.py","8206d1190e2314623c58cb194dd400bc3193149a","2020-11-25T04:14:58Z","0.0487","18","170","10","2","5","2","{'deep_nesting': 1, 'god_class': 0, 'large_file': 0, 'long_function': 1, 'too_many_parameters': 0}","45.5","0"
"https://github.com/pallets/itsdangerous.git","src/itsdangerous/url_safe.py","8206d1190e2314623c58cb194dd400bc3193149a","2020-11-25T04:14:58Z","0.0416","7","62","2","3","4","0","{'deep_nesting': 0, 'god_class': 0, 'large_file': 0, 'long_function': 0, 'too_many_parameters': 0}","82.9","0"
"https://github.com/pallets/itsdangerous.git","src/itsdangerous/_json.py","8206d1190e2314623c58cb194dd400bc3193149a","2020-11-25T04:14:58Z","0.0557","1","24","3","2","2","0","{'deep_nesting': 0, 'god_class': 0, 'large_file': 0, 'long_function': 0, 'too_many_parameters': 0}","96.8","0"
"https://github.com/pallets/itsdangerous.git","src/itsdangerous/__init__.py","8206d1190e2314623c58cb194dd400bc3193149a","2020-11-25T04:14:58Z","0.0416","1","21","0","0","0","0","{'deep_nesting': 0, 'god_class': 0, 'large_file': 0, 'long_function': 0, 'too_many_parameters': 0}","96.95","0"
"https://github.com/pallets/itsdangerous.git","tests/test_itsdangerous/test_encoding.py","8206d1190e2314623c58cb194dd400bc3193149a","2020-11-25T04:14:58Z","0","1","28","4","0","2","0","{'deep_nesting': 0, 'god_class': 0, 'large_file': 0, 'long_function': 0, 'too_many_parameters': 0}","96.6","0"
"https://github.com/pallets/itsdangerous.git","tests/test_itsdangerous/test_jws.py","8206d1190e2314623c58cb194dd400bc3193149a","2020-11-25T04:14:58Z","0.0416","1","108","15","2","4","0","{'deep_nesting': 0, 'god_class': 0, 'large_file': 0, 'long_function': 0, 'too_many_parameters': 0}","92.6","0"
"https://github.com/pallets/itsdangerous.git","tests/test_itsdangerous/test_serializer.py","8206d1190e2314623c58cb194dd400bc3193149a","2020-11-25T04:14:58Z","0.0416","6","152","20","4","5","2","{'deep_nesting': 1, 'god_class': 1, 'large_file': 0, 'long_function': 0, 'too_many_parameters': 0}","70.4","0"
"https://github.com/pallets/itsdangerous.git","tests/test_itsdangerous/test_signer.py","8206d1190e2314623c58cb194dd400bc3193149a","2020-11-25T04:14:58Z","0.0416","2","81","14","2","3","1","{'deep_nesting': 0, 'god_class': 1, 'large_file': 0, 'long_function': 0, 'too_many_parameters': 0}","86.95","0"
"https://github.com/pallets/itsdangerous.git","tests/test_itsdangerous/test_timed.py","8206d1190e2314623c58cb194dd400bc3193149a","2020-11-25T04:14:58Z","0.0416","1","77","12","3","4","0","{'deep_nesting': 0, 'god_class': 0, 'large_file': 0, 'long_function': 0, 'too_many_parameters': 0}","94.15","0"
"https://github.com/pallets/itsdangerous.git","tests/test_itsdangerous/test_url_safe.py","8206d1190e2314623c58cb194dd400bc3193149a","2020-11-25T04:14:58Z","0.0416","1","17","3","2","2","0","{'deep_nesting': 0, 'god_class': 0, 'large_file': 0, 'long_function': 0, 'too_many_parameters': 0}","97.15","0"
"https://github.com/pallets/itsdangerous.git","tests/test_itsdangerous/__init__.py","8206d1190e2314623c58cb194dd400bc3193149a","2020-11-25T04:14:58Z","0.0416","1","0","0","0","0","0","{'deep_nesting': 0, 'god_class': 0, 'large_file': 0, 'long_function': 0, 'too_many_parameters': 0}","98.0","0"
"https://github.com/pallets/itsdangerous.git","setup.py","e671c0f42f7a82eb048e32d44152da45a0555e16","2021-09-01T15:34:43Z","0.0416","1","2","0","0","0","0","{'deep_nesting': 0, 'god_class': 0, 'large_file': 0, 'long_function': 0, 'too_many_parameters': 0}","97.9","0"
"https://github.com/pallets/itsdangerous.git","docs/conf.py","e671c0f42f7a82eb048e32d44152da45a0555e16","2021-09-01T15:34:43Z","0.0416","1","44","0","0","0","0","{'deep_nesting': 0, 'god_class': 0, 'large_file': 0, 'long_function': 0, 'too_many_parameters': 0}","95.8","0"
"https://github.com/pallets/itsdangerous.git","src/itsdangerous/encoding.py","e671c0f42f7a82eb048e32d44152da45a0555e16","2021-09-01T15:34:43Z","0.1178","3","36","5","0","2","0","{'deep_nesting': 0, 'god_class': 0, 'large_file': 0, 'long_function': 0, 'too_many_parameters': 0}","92.2","0"
"https://github.com/pallets/itsdangerous.git","src/itsdangerous/exc.py","e671c0f42f7a82eb048e32d44152da45a0555e16","2021-09-01T15:34:43Z","0.218","1","61","6","6","2","0","{'deep_nesting': 0, 'god_class': 0, 'large_file': 0, 'long_function': 0, 'too_many_parameters': 0}","94.95","0"
"https://github.com/pallets/itsdangerous.git","src/itsdangerous/jws.py","e671c0f42f7a82eb048e32d44152da45a0555e16","2021-09-01T15:34:43Z","0.0416","22","205","14","2","3","1","{'deep_nesting': 0, 'god_class': 0, 'large_file': 0, 'long_function': 0, 'too_many_parameters': 1}","40.75","0"
"https://github.com/pallets/itsdangerous.git","src/itsdangerous/serializer.py","e671c0f42f7a82eb048e32d44152da45a0555e16","2021-09-01T15:34:43Z","0.0661","25","230","14","1","5","3","{'deep_nesting': 1, 'god_class': 1, 'large_file': 0, 'long_function': 0, 'too_many_parameters': 1}","23.5","0"
"https://github.com/pallets/itsdangerous.git","src/itsdangerous/signer.py","e671c0f42f7a82eb048e32d44152da45a0555e16","2021-09-01T15:34:43Z","0.0777","20","183","14","4","6","3","{'deep_nesting': 2, 'god_class': 0, 'large_file': 0, 'long_function': 0, 'too_many_parameters': 1}","35.85","0"
"https://github.com/pallets/itsdangerous.git","src/itsdangerous/timed.py","e671c0f42f7a82eb048e32d44152da45a0555e16","2021-09-01T15:34:43Z","0.0487","19","172","10","2","5","2","{'deep_nesting': 1, 'god_class': 0, 'large_file': 0, 'long_function': 1, 'too_many_parameters': 0}","43.4","0"
"https://github.com/pallets/itsdangerous.git","src/itsdangerous/url_safe.py","e671c0f42f7a82eb048e32d44152da45a0555e16","2021-09-01T15:34:43Z","0.0416","7","62","2","3","4","0","{'deep_nesting': 0, 'god_class': 0, 'large_file': 0, 'long_function': 0, 'too_many_parameters': 0}","82.9","0"
"https://github.com/pallets/itsdangerous.git","src/itsdangerous/_json.py","e671c0f42f7a82eb048e32d44152da45a0555e16","2021-09-01T15:34:43Z","0.0557","1","25","3","2","2","0","{'deep_nesting': 0, 'god_class': 0, 'large_file': 0, 'long_function': 0, 'too_many_parameters': 0}","96.75","0"
"https://github.com/pallets/itsdangerous.git","src/itsdangerous/__init__.py","e671c0f42f7a82eb048e32d44152da45a0555e16","2021-09-01T15:34:43Z","0.0416","1","21","0","0","0","0","{'deep_nesting': 0, 'god_class': 0, 'large_file': 0, 'long_function': 0, 'too_many_parameters': 0}","96.95","0"
"https://github.com/pallets/itsdangerous.git","tests/test_itsdangerous/test_encoding.py","e671c0f42f7a82eb048e32d44152da45a0555e16","2021-09-01T15:34:43Z","0","1","28","4","0","2","0","{'deep_nesting': 0, 'god_class': 0, 'large_file': 0, 'long_function': 0, 'too_many_parameters': 0}","96.6","0"
"https://github.com/pallets/itsdangerous.git","tests/test_itsdangerous/test_jws.py","e671c0f42f7a82eb048e32d44152da45a0555e16","2021-09-01T15:34:43Z","0.0416","1","108","15","2","4","0","{'deep_nesting': 0, 'god_class': 0, 'large_file': 0, 'long_function': 0, 'too_many_parameters': 0}","92.6","0"
"https://github.com/pallets/itsdangerous.git","tests/test_itsdangerous/test_serializer.py","e671c0f42f7a82eb048e32d44152da45a0555e16","2021-09-01T15:34:43Z","0.0416","6","152","20","4","5","2","{'deep_nesting': 1, 'god_class': 1, 'large_file': 0, 'long_function': 0, 'too_many_parameters': 0}","70.4","0"
"https://github.com/pallets/itsdangerous.git","tests/test_itsdangerous/test_signer.py","e671c0f42f7a82eb048e32d44152da45a0555e16","2021-09-01T15:34:43Z","0.0416","2","81","14","2","3","1","{'deep_nesting': 0, 'god_class': 1, 'large_file': 0, 'long_function': 0, 'too_many_parameters': 0}","86.95","0"
"https://github.com/pallets/itsdangerous.git","tests/test_itsdangerous/test_timed.py","e671c0f42f7a82eb048e32d44152da45a0555e16","2021-09-01T15:34:43Z","0.0416","1","77","12","3","4","0","{'deep_nesting': 0, 'god_class': 0, 'large_file': 0, 'long_function': 0, 'too_many_parameters': 0}","94.15","0"
"https://github.com/pallets/itsdangerous.git","tests/test_itsdangerous/test_url_safe.py","e671c0f42f7a82eb048e32d44152da45a0555e16","2021-09-01T15:34:43Z","0.0416","1","17","3","2","2","0","{'deep_nesting': 0, 'god_class': 0, 'large_file': 0, 'long_function': 0, 'too_many_parameters': 0}","97.15","0"
"https://github.com/pallets/itsdangerous.git","tests/test_itsdangerous/__init__.py","e671c0f42f7a82eb048e32d44152da45a0555e16","2021-09-01T15:34:43Z","0.0416","1","0","0","0","0","0","{'deep_nesting': 0, 'god_class': 0, 'large_file': 0, 'long_function': 0, 'too_many_parameters': 0}","98.0","0"
"https://github.com/pallets/itsdangerous.git","docs/conf.py","ba7a71a8f0bf2e7a8cff156fdb291efc4f24c679","2023-06-01T18:47:24Z","0.051","1","44","0","0","0","0","{'deep_nesting': 0, 'god_class': 0, 'large_file': 0, 'long_function': 0, 'too_many_parameters': 0}","95.8","0"
"https://github.com/pallets/itsdangerous.git","src/itsdangerous/encoding.py","ba7a71a8f0bf2e7a8cff156fdb291efc4f24c679","2023-06-01T18:47:24Z","0.1287","3","36","5","0","2","0","{'deep_nesting': 0, 'god_class': 0, 'large_file': 0, 'long_function': 0, 'too_many_parameters': 0}","92.2","0"
"https://github.com/pallets/itsdangerous.git","src/itsdangerous/exc.py","ba7a71a8f0bf2e7a8cff156fdb291efc4f24c679","2023-06-01T18:47:24Z","0.2381","1","61","6","6","2","0","{'deep_nesting': 0, 'god_class': 0, 'large_file': 0, 'long_function': 0, 'too_many_parameters': 0}","94.95","0"
"https://github.com/pallets/itsdangerous.git","src/itsdangerous/serializer.py","ba7a71a8f0bf2e7a8cff156fdb291efc4f24c679","2023-06-01T18:47:24Z","0.0724","25","234","14","1","5","3","{'deep_nesting': 1, 'god_class': 1, 'large_file': 0, 'long_function': 0, 'too_many_parameters': 1}","23.3","0"
"https://github.com/pallets/itsdangerous.git","src/itsdangerous/signer.py","ba7a71a8f0bf2e7a8cff156fdb291efc4f24c679","2023-06-01T18:47:24Z","0.0842","20","183","14","4","6","3","{'deep_nesting': 2, 'god_class': 0, 'large_file': 0, 'long_function': 0, 'too_many_parameters': 1}","35.85","0"
"https://github.com/pallets/itsdangerous.git","src/itsdangerous/timed.py","ba7a71a8f0bf2e7a8cff156fdb291efc4f24c679","2023-06-01T18:47:24Z","0.0597","20","177","10","2","5","3","{'deep_nesting': 2, 'god_class': 0, 'large_file': 0, 'long_function': 1, 'too_many_parameters': 0}","36.15","0"
"https://github.com/pallets/itsdangerous.git","src/itsdangerous/url_safe.py","ba7a71a8f0bf2e7a8cff156fdb291efc4f24c679","2023-06-01T18:47:24Z","0.051","7","62","2","3","4","0","{'deep_nesting': 0, 'god_class': 0, 'large_file': 0, 'long_function': 0, 'too_many_parameters': 0}","82.9","0"
"https://github.com/pallets/itsdangerous.git","src/itsdangerous/_json.py","ba7a71a8f0bf2e7a8cff156fdb291efc4f24c679","2023-06-01T18:47:24Z","0.0597","1","12","2","1","2","0","{'deep_nesting': 0, 'god_class': 0, 'large_file': 0, 'long_function': 0, 'too_many_parameters': 0}","97.4","0"
"https://github.com/pallets/itsdangerous.git","src/itsdangerous/__init__.py","ba7a71a8f0bf2e7a8cff156fdb291efc4f24c679","2023-06-01T18:47:24Z","0.051","1","18","0","0","0","0","{'deep_nesting': 0, 'god_class': 0, 'large_file': 0, 'long_function': 0, 'too_many_parameters': 0}","97.1","0"
"https://github.com/pallets/itsdangerous.git","tests/test_itsdangerous/test_encoding.py","ba7a71a8f0bf2e7a8cff156fdb291efc4f24c679","2023-06-01T18:47:24Z","0","1","28","4","0","2","0","{'deep_nesting': 0, 'god_class': 0, 'large_file': 0, 'long_function': 0, 'too_many_parameters': 0}","96.6","0"
"https://github.com/pallets/itsdangerous.git","tests/test_itsdangerous/test_serializer.py","ba7a71a8f0bf2e7a8cff156fdb291efc4f24c679","2023-06-01T18:47:24Z","0.051","6","152","20","4","5","2","{'deep_nesting': 1, 'god_class': 1, 'large_file': 0, 'long_function': 0, 'too_many_parameters': 0}","70.4","0"
"https://github.com/pallets/itsdangerous.git","tests/test_itsdangerous/test_signer.py","ba7a71a8f0bf2e7a8cff156fdb291efc4f24c679","2023-06-01T18:47:24Z","0.051","2","81","14","2","3","1","{'deep_nesting': 0, 'god_class': 1, 'large_file': 0, 'long_function': 0, 'too_many_parameters': 0}","86.95","0"
"https://github.com/pallets/itsdangerous.git","tests/test_itsdangerous/test_timed.py","ba7a71a8f0bf2e7a8cff156fdb291efc4f24c679","2023-06-01T18:47:24Z","0.051","1","83","13","3","4","0","{'deep_nesting': 0, 'god_class': 0, 'large_file': 0, 'long_function': 0, 'too_many_parameters': 0}","93.85","0"
"https://github.com/pallets/itsdangerous.git","tests/test_itsdangerous/test_url_safe.py","ba7a71a8f0bf2e7a8cff156fdb291efc4f24c679","2023-06-01T18:47:24Z","0.051","1","17","3","2","2","0","{'deep_nesting': 0, 'god_class': 0, 'large_file': 0, 'long_function': 0, 'too_many_parameters': 0}","97.15","0"
"https://github.com/pallets/itsdangerous.git","tests/test_itsdangerous/__init__.py","ba7a71a8f0bf2e7a8cff156fdb291efc4f24c679","2023-06-01T18:47:24Z","0.051","1","0","0","0","0","0","{'deep_nesting': 0, 'god_class': 0, 'large_file': 0, 'long_function': 0, 'too_many_parameters': 0}","98.0","0"
"https://github.com/pallets/markupsafe.git","setup.py","115ba3726e42da36f2aa04857283a5ebb856b354","2010-06-22T17:21:32Z","0.25","1","34","0","0","0","0","{'deep_nesting': 0, 'god_class': 0, 'large_file': 0, 'long_function': 0, 'too_many_parameters': 0}","96.3","1"
"https://github.com/pallets/markupsafe.git","markupsafe/_constants.py","115ba3726e42da36f2aa04857283a5ebb856b354","2010-06-22T17:21:32Z","0.25","1","262","0","0","0","0","{'deep_nesting': 0, 'god_class': 0, 'large_file': 0, 'long_function': 0, 'too_many_parameters': 0}","84.9","0"
"https://github.com/pallets/markupsafe.git","markupsafe/_native.py","115ba3726e42da36f2aa04857283a5ebb856b354","2010-06-22T17:21:32Z","0.25","3","29","2","0","2","0","{'deep_nesting': 0, 'god_class': 0, 'large_file': 0, 'long_function': 0, 'too_many_parameters': 0}","92.55","0"
"https://github.com/pallets/markupsafe.git","markupsafe/__init__.py","115ba3726e42da36f2aa04857283a5ebb856b354","2010-06-22T17:21:32Z","0.25","22","174","19","2","6","3","{'deep_nesting': 2, 'god_class': 1, 'large_file': 0, 'long_function': 0, 'too_many_parameters': 0}","32.3","1"
"https://github.com/pallets/markupsafe.git","setup.py","04033e9c516cd57b103de7e14d6d19197aaaa778","2016-01-13T21:32:51Z","0.1","11","92","5","2","4","0","{'deep_nesting': 0, 'god_class': 0, 'large_file': 0, 'long_function': 0, 'too_many_parameters': 0}","73.4","1"
"https://github.com/pallets/markupsafe.git","bench/bench_basic.py","04033e9c516cd57b103de7e14d6d19197aaaa778","2016-01-13T21:32:51Z","0.1","1","3","1","0","1","0","{'deep_nesting': 0, 'god_class': 0, 'large_file': 0, 'long_function': 0, 'too_many_parameters': 0}","97.85","0"
"https://github.com/pallets/markupsafe.git","bench/bench_largestring.py","04033e9c516cd57b103de7e14d6d19197aaaa778","2016-01-13T21:32:51Z","0.1","1","4","1","0","1","0","{'deep_nesting': 0, 'god_class': 0, 'large_file': 0, 'long_function': 0, 'too_many_parameters': 0}","97.8","0"
"https://github.com/pallets/markupsafe.git","bench/bench_long_empty_string.py","04033e9c516cd57b103de7e14d6d19197aaaa778","2016-01-13T21:32:51Z","0.1","1","4","1","0","1","0","{'deep_nesting': 0, 'god_class': 0, 'large_file': 0, 'long_function': 0, 'too_many_parameters': 0}","97.8","0"
"https://github.com/pallets/markupsafe.git","bench/bench_long_suffix.py","04033e9c516cd57b103de7e14d6d19197aaaa778","2016-01-13T21:32:51Z","0.1","1","4","1","0","1","0","{'deep_nesting': 0, 'god_class': 0, 'large_file': 0, 'long_function': 0, 'too_many_parameters': 0}","97.8","0"
"https://github.com/pallets/markupsafe.git","bench/bench_short_empty_string.py","04033e9c516cd57b103de7e14d6d19197aaaa778","2016-01-13T21:32:51Z","0.1","1","3","1","0","1","0","{'deep_nesting': 0, 'god_class': 0, 'large_file': 0, 'long_function': 0, 'too_many_parameters': 0}","97.85","0"
"https://github.com/pallets/markupsafe.git","markupsafe/tests.py","04033e9c516cd57b103de7e14d6d19197aaaa778","2016-01-13T21:32:51Z","0","10","145","28","7","6","3","{'deep_nesting': 2, 'god_class': 1, 'large_file': 0, 'long_function': 0, 'too_many_parameters': 0}","57.75","1"
"https://github.com/pallets/markupsafe.git","markupsafe/_compat.py","04033e9c516cd57b103de7e14d6d19197aaaa778","2016-01-13T21:32:51Z","0.1","2","21","0","0","1","0","{'deep_nesting': 0, 'god_class': 0, 'large_file': 0, 'long_function': 0, 'too_many_parameters': 0}","94.95","0"
"https://github.com/pallets/markupsafe.git","markupsafe/_constants.py","04033e9c516cd57b103de7e14d6d19197aaaa778","2016-01-13T21:32:51Z","0.1","1","262","0","0","0","0","{'deep_nesting': 0, 'god_class': 0, 'large_file': 0, 'long_function': 0, 'too_many_parameters': 0}","84.9","0"
"https://github.com/pallets/markupsafe.git","markupsafe/_native.py","04033e9c516cd57b103de7e14d6d19197aaaa778","2016-01-13T21:32:51Z","0.1","4","37","3","0","2","0","{'deep_nesting': 0, 'god_class': 0, 'large_file': 0, 'long_function': 0, 'too_many_parameters': 0}","90.15","0"
"https://github.com/pallets/markupsafe.git","markupsafe/__init__.py","04033e9c516cd57b103de7e14d6d19197aaaa778","2016-01-13T21:32:51Z","0.1","31","236","29","4","6","5","{'deep_nesting': 4, 'god_class': 1, 'large_file': 0, 'long_function': 0, 'too_many_parameters': 0}","1.2","0"
"https://github.com/pallets/markupsafe.git","setup.py","0d5fa7e644a70be8447dff42c1ecc0025e3391d5","2020-04-09T21:10:37Z","0.0722","9","91","4","2","4","0","{'long_function': 0, 'too_many_parameters': 0, 'deep_nesting': 0, 'large_file': 0, 'god_class': 0}","77.45","0"
"https://github.com/pallets/markupsafe.git","bench/bench_basic.py","0d5fa7e644a70be8447dff42c1ecc0025e3391d5","2020-04-09T21:10:37Z","0.0722","1","3","1","0","1","0","{'long_function': 0, 'too_many_parameters': 0, 'deep_nesting': 0, 'large_file': 0, 'god_class': 0}","97.85","0"
"https://github.com/pallets/markupsafe.git","bench/bench_largestring.py","0d5fa7e644a70be8447dff42c1ecc0025e3391d5","2020-04-09T21:10:37Z","0.0722","1","4","1","0","1","0","{'long_function': 0, 'too_many_parameters': 0, 'deep_nesting': 0, 'large_file': 0, 'god_class': 0}","97.8","0"
"https://github.com/pallets/markupsafe.git","bench/bench_long_empty_string.py","0d5fa7e644a70be8447dff42c1ecc0025e3391d5","2020-04-09T21:10:37Z","0.0722","1","4","1","0","1","0","{'long_function': 0, 'too_many_parameters': 0, 'deep_nesting': 0, 'large_file': 0, 'god_class': 0}","97.8","0"
"https://github.com/pallets/markupsafe.git","bench/bench_long_suffix.py","0d5fa7e644a70be8447dff42c1ecc0025e3391d5","2020-04-09T21:10:37Z","0.0722","1","4","1","0","1","0","{'long_function': 0, 'too_many_parameters': 0, 'deep_nesting': 0, 'large_file': 0, 'god_class': 0}","97.8","0"
"https://github.com/pallets/markupsafe.git","bench/bench_short_empty_string.py","0d5fa7e644a70be8447dff42c1ecc0025e3391d5","2020-04-09T21:10:37Z","0.0722","1","3","1","0","1","0","{'long_function': 0, 'too_many_parameters': 0, 'deep_nesting': 0, 'large_file': 0, 'god_class': 0}","97.85","0"
"https://github.com/pallets/markupsafe.git","bench/runbench.py","0d5fa7e644a70be8447dff42c1ecc0025e3391d5","2020-04-09T21:10:37Z","0.0722","5","29","3","0","3","0","{'long_function': 0, 'too_many_parameters': 0, 'deep_nesting': 0, 'large_file': 0, 'god_class': 0}","88.55","0"
"https://github.com/pallets/markupsafe.git","docs/conf.py","0d5fa7e644a70be8447dff42c1ecc0025e3391d5","2020-04-09T21:10:37Z","0.0722","1","37","0","0","0","0","{'long_function': 0, 'too_many_parameters': 0, 'deep_nesting': 0, 'large_file': 0, 'god_class': 0}","96.15","0"
"https://github.com/pallets/markupsafe.git","src/markupsafe/_native.py","0d5fa7e644a70be8447dff42c1ecc0025e3391d5","2020-04-09T21:10:37Z","0.1336","4","57","4","0","2","0","{'long_function': 0, 'too_many_parameters': 0, 'deep_nesting': 0, 'large_file': 0, 'god_class': 0}","89.15","0"
"https://github.com/pallets/markupsafe.git","src/markupsafe/__init__.py","0d5fa7e644a70be8447dff42c1ecc0025e3391d5","2020-04-09T21:10:37Z","0.0722","22","214","33","4","5","2","{'long_function': 0, 'too_many_parameters': 0, 'deep_nesting': 1, 'large_file': 0, 'god_class': 1}","35.3","0"
"https://github.com/pallets/markupsafe.git","tests/conftest.py","0d5fa7e644a70be8447dff42c1ecc0025e3391d5","2020-04-09T21:10:37Z","0.0722","2","30","5","0","1","0","{'long_function': 0, 'too_many_parameters': 0, 'deep_nesting': 0, 'large_file': 0, 'god_class': 0}","94.5","0"
"https://github.com/pallets/markupsafe.git","tests/test_escape.py","0d5fa7e644a70be8447dff42c1ecc0025e3391d5","2020-04-09T21:10:37Z","0","1","22","1","0","1","0","{'long_function': 0, 'too_many_parameters': 0, 'deep_nesting': 0, 'large_file': 0, 'god_class': 0}","96.9","0"
"https://github.com/pallets/markupsafe.git","tests/test_exception_custom_html.py","0d5fa7e644a70be8447dff42c1ecc0025e3391d5","2020-04-09T21:10:37Z","0.0722","1","13","2","1","2","0","{'long_function': 0, 'too_many_parameters': 0, 'deep_nesting': 0, 'large_file': 0, 'god_class': 0}","97.35","0"
"https://github.com/pallets/markupsafe.git","tests/test_leak.py","0d5fa7e644a70be8447dff42c1ecc0025e3391d5","2020-04-09T21:10:37Z","0.0722","4","20","1","0","3","0","{'long_function': 0, 'too_many_parameters': 0, 'deep_nesting': 0, 'large_file': 0, 'god_class': 0}","91.0","0"
"https://github.com/pallets/markupsafe.git","tests/test_markupsafe.py","0d5fa7e644a70be8447dff42c1ecc0025e3391d5","2020-04-09T21:10:37Z","0","3","129","29","6","5","1","{'long_function': 0, 'too_many_parameters': 0, 'deep_nesting': 1, 'large_file': 0, 'god_class': 0}","82.55","0"
"https://github.com/pallets/markupsafe.git","setup.py","17cbb0725c6d0b9b7e77b75e965af9167e95c96b","2021-02-01T09:51:03Z","0.0722","10","64","4","2","4","0","{'long_function': 0, 'too_many_parameters': 0, 'deep_nesting': 0, 'large_file': 0, 'god_class': 0}","76.8","0"
"https://github.com/pallets/markupsafe.git","bench/bench_basic.py","17cbb0725c6d0b9b7e77b75e965af9167e95c96b","2021-02-01T09:51:03Z","0.0722","1","3","1","0","1","0","{'long_function': 0, 'too_many_parameters': 0, 'deep_nesting': 0, 'large_file': 0, 'god_class': 0}","97.85","0"
"https://github.com/pallets/markupsafe.git","bench/bench_largestring.py","17cbb0725c6d0b9b7e77b75e965af9167e95c96b","2021-02-01T09:51:03Z","0.0722","1","4","1","0","1","0","{'long_function': 0, 'too_many_parameters': 0, 'deep_nesting': 0, 'large_file': 0, 'god_class': 0}","97.8","0"
"https://github.com/pallets/markupsafe.git","bench/bench_long_empty_string.py","17cbb0725c6d0b9b7e77b75e965af9167e95c96b","2021-02-01T09:51:03Z","0.0722","1","4","1","0","1","0","{'long_function': 0, 'too_many_parameters': 0, 'deep_nesting': 0, 'large_file': 0, 'god_class': 0}","97.8","0"
"https://github.com/pallets/markupsafe.git","bench/bench_long_suffix.py","17cbb0725c6d0b9b7e77b75e965af9167e95c96b","2021-02-01T09:51:03Z","0.0722","1","4","1","0","1","0","{'long_function': 0, 'too_many_parameters': 0, 'deep_nesting': 0, 'large_file': 0, 'god_class': 0}","97.8","0"
"https://github.com/pallets/markupsafe.git","bench/bench_short_empty_string.py","17cbb0725c6d0b9b7e77b75e965af9167e95c96b","2021-02-01T09:51:03Z","0.0722","1","3","1","0","1","0","{'long_function': 0, 'too_many_parameters': 0, 'deep_nesting': 0, 'large_file': 0, 'god_class': 0}","97.85","0"
"https://github.com/pallets/markupsafe.git","bench/runbench.py","17cbb0725c6d0b9b7e77b75e965af9167e95c96b","2021-02-01T09:51:03Z","0.0722","5","29","3","0","3","0","{'long_function': 0, 'too_many_parameters': 0, 'deep_nesting': 0, 'large_file': 0, 'god_class': 0}","88.55","0"
"https://github.com/pallets/markupsafe.git","docs/conf.py","17cbb0725c6d0b9b7e77b75e965af9167e95c96b","2021-02-01T09:51:03Z","0.0722","1","37","0","0","0","0","{'long_function': 0, 'too_many_parameters': 0, 'deep_nesting': 0, 'large_file': 0, 'god_class': 0}","96.15","0"
"https://github.com/pallets/markupsafe.git","src/markupsafe/_native.py","17cbb0725c6d0b9b7e77b75e965af9167e95c96b","2021-02-01T09:51:03Z","0.1336","4","58","4","0","2","0","{'long_function': 0, 'too_many_parameters': 0, 'deep_nesting': 0, 'large_file': 0, 'god_class': 0}","89.1","0"
"https://github.com/pallets/markupsafe.git","src/markupsafe/__init__.py","17cbb0725c6d0b9b7e77b75e965af9167e95c96b","2021-02-01T09:51:03Z","0.0722","24","206","30","4","5","2","{'long_function': 0, 'too_many_parameters': 0, 'deep_nesting': 1, 'large_file': 0, 'god_class': 1}","31.7","0"
"https://github.com/pallets/markupsafe.git","tests/conftest.py","17cbb0725c6d0b9b7e77b75e965af9167e95c96b","2021-02-01T09:51:03Z","0.0722","2","30","5","0","1","0","{'long_function': 0, 'too_many_parameters': 0, 'deep_nesting': 0, 'large_file': 0, 'god_class': 0}","94.5","0"
"https://github.com/pallets/markupsafe.git","tests/test_escape.py","17cbb0725c6d0b9b7e77b75e965af9167e95c96b","2021-02-01T09:51:03Z","0","1","22","1","0","1","0","{'long_function': 0, 'too_many_parameters': 0, 'deep_nesting': 0, 'large_file': 0, 'god_class': 0}","96.9","0"
"https://github.com/pallets/markupsafe.git","tests/test_exception_custom_html.py","17cbb0725c6d0b9b7e77b75e965af9167e95c96b","2021-02-01T09:51:03Z","0.0722","1","13","2","1","2","0","{'long_function': 0, 'too_many_parameters': 0, 'deep_nesting': 0, 'large_file': 0, 'god_class': 0}","97.35","0"
"https://github.com/pallets/markupsafe.git","tests/test_leak.py","17cbb0725c6d0b9b7e77b75e965af9167e95c96b","2021-02-01T09:51:03Z","0.0722","4","20","1","0","3","0","{'long_function': 0, 'too_many_parameters': 0, 'deep_nesting': 0, 'large_file': 0, 'god_class': 0}","91.0","0"
"https://github.com/pallets/markupsafe.git","tests/test_markupsafe.py","17cbb0725c6d0b9b7e77b75e965af9167e95c96b","2021-02-01T09:51:03Z","0","3","129","29","6","5","1","{'long_function': 0, 'too_many_parameters': 0, 'deep_nesting': 1, 'large_file': 0, 'god_class': 0}","82.55","0"
"https://github.com/pallets/markupsafe.git","setup.py","c71f03b0f8b7caa764a0bfec845ce0036a6080e3","2021-11-01T19:53:34Z","0.0722","11","65","4","2","4","0","{'long_function': 0, 'too_many_parameters': 0, 'deep_nesting': 0, 'large_file': 0, 'god_class': 0}","74.75","0"
"https://github.com/pallets/markupsafe.git","bench/bench_basic.py","c71f03b0f8b7caa764a0bfec845ce0036a6080e3","2021-11-01T19:53:34Z","0.0722","1","3","1","0","1","0","{'long_function': 0, 'too_many_parameters': 0, 'deep_nesting': 0, 'large_file': 0, 'god_class': 0}","97.85","0"
"https://github.com/pallets/markupsafe.git","bench/bench_largestring.py","c71f03b0f8b7caa764a0bfec845ce0036a6080e3","2021-11-01T19:53:34Z","0.0722","1","4","1","0","1","0","{'long_function': 0, 'too_many_parameters': 0, 'deep_nesting': 0, 'large_file': 0, 'god_class': 0}","97.8","0"
"https://github.com/pallets/markupsafe.git","bench/bench_long_empty_string.py","c71f03b0f8b7caa764a0bfec845ce0036a6080e3","2021-11-01T19:53:34Z","0.0722","1","4","1","0","1","0","{'long_function': 0, 'too_many_parameters': 0, 'deep_nesting': 0, 'large_file': 0, 'god_class': 0}","97.8","0"
"https://github.com/pallets/markupsafe.git","bench/bench_long_suffix.py","c71f03b0f8b7caa764a0bfec845ce0036a6080e3","2021-11-01T19:53:34Z","0.0722","1","4","1","0","1","0","{'long_function': 0, 'too_many_parameters': 0, 'deep_nesting': 0, 'large_file': 0, 'god_class': 0}","97.8","0"
"https://github.com/pallets/markupsafe.git","bench/bench_short_empty_string.py","c71f03b0f8b7caa764a0bfec845ce0036a6080e3","2021-11-01T19:53:34Z","0.0722","1","3","1","0","1","0","{'long_function': 0, 'too_many_parameters': 0, 'deep_nesting': 0, 'large_file': 0, 'god_class': 0}","97.85","0"
"https://github.com/pallets/markupsafe.git","bench/runbench.py","c71f03b0f8b7caa764a0bfec845ce0036a6080e3","2021-11-01T19:53:34Z","0.0722","5","29","3","0","3","0","{'long_function': 0, 'too_many_parameters': 0, 'deep_nesting': 0, 'large_file': 0, 'god_class': 0}","88.55","0"
"https://github.com/pallets/markupsafe.git","docs/conf.py","c71f03b0f8b7caa764a0bfec845ce0036a6080e3","2021-11-01T19:53:34Z","0.0722","1","40","0","0","0","0","{'long_function': 0, 'too_many_parameters': 0, 'deep_nesting': 0, 'large_file': 0, 'god_class': 0}","96.0","0"
"https://github.com/pallets/markupsafe.git","src/markupsafe/_native.py","c71f03b0f8b7caa764a0bfec845ce0036a6080e3","2021-11-01T19:53:34Z","0.1336","4","58","4","0","2","0","{'long_function': 0, 'too_many_parameters': 0, 'deep_nesting': 0, 'large_file': 0, 'god_class': 0}","89.1","0"
"https://github.com/pallets/markupsafe.git","src/markupsafe/__init__.py","c71f03b0f8b7caa764a0bfec845ce0036a6080e3","2021-11-01T19:53:34Z","0.0722","26","212","30","4","5","2","{'long_function': 0, 'too_many_parameters': 0, 'deep_nesting': 1, 'large_file': 0, 'god_class': 1}","27.4","0"
"https://github.com/pallets/markupsafe.git","tests/conftest.py","c71f03b0f8b7caa764a0bfec845ce0036a6080e3","2021-11-01T19:53:34Z","0.0722","2","30","5","0","1","0","{'long_function': 0, 'too_many_parameters': 0, 'deep_nesting': 0, 'large_file': 0, 'god_class': 0}","94.5","0"
"https://github.com/pallets/markupsafe.git","tests/test_escape.py","c71f03b0f8b7caa764a0bfec845ce0036a6080e3","2021-11-01T19:53:34Z","0","1","22","1","0","1","0","{'long_function': 0, 'too_many_parameters': 0, 'deep_nesting': 0, 'large_file': 0, 'god_class': 0}","96.9","0"
"https://github.com/pallets/markupsafe.git","tests/test_exception_custom_html.py","c71f03b0f8b7caa764a0bfec845ce0036a6080e3","2021-11-01T19:53:34Z","0.0722","1","13","2","1","2","0","{'long_function': 0, 'too_many_parameters': 0, 'deep_nesting': 0, 'large_file': 0, 'god_class': 0}","97.35","0"
"https://github.com/pallets/markupsafe.git","tests/test_leak.py","c71f03b0f8b7caa764a0bfec845ce0036a6080e3","2021-11-01T19:53:34Z","0.0722","4","20","1","0","3","0","{'long_function': 0, 'too_many_parameters': 0, 'deep_nesting': 0, 'large_file': 0, 'god_class': 0}","91.0","0"
"https://github.com/pallets/markupsafe.git","tests/test_markupsafe.py","c71f03b0f8b7caa764a0bfec845ce0036a6080e3","2021-11-01T19:53:34Z","0","3","133","30","6","5","1","{'long_function': 0, 'too_many_parameters': 0, 'deep_nesting': 1, 'large_file': 0, 'god_class': 0}","82.35","0"
"https://github.com/pallets/markupsafe.git","setup.py","d14758e997a7a9bbd04744db0c4cfadd0029c943","2023-04-03T13:16:45Z","0.0722","11","68","4","2","4","0","{'long_function': 0, 'too_many_parameters': 0, 'deep_nesting': 0, 'large_file': 0, 'god_class': 0}","74.6","0"
"https://github.com/pallets/markupsafe.git","bench/bench_basic.py","d14758e997a7a9bbd04744db0c4cfadd0029c943","2023-04-03T13:16:45Z","0.0722","1","3","1","0","1","0","{'long_function': 0, 'too_many_parameters': 0, 'deep_nesting': 0, 'large_file': 0, 'god_class': 0}","97.85","0"
"https://github.com/pallets/markupsafe.git","bench/bench_largestring.py","d14758e997a7a9bbd04744db0c4cfadd0029c943","2023-04-03T13:16:45Z","0.0722","1","4","1","0","1","0","{'long_function': 0, 'too_many_parameters': 0, 'deep_nesting': 0, 'large_file': 0, 'god_class': 0}","97.8","0"
"https://github.com/pallets/markupsafe.git","bench/bench_long_empty_string.py","d14758e997a7a9bbd04744db0c4cfadd0029c943","2023-04-03T13:16:45Z","0.0722","1","4","1","0","1","0","{'long_function': 0, 'too_many_parameters': 0, 'deep_nesting': 0, 'large_file': 0, 'god_class': 0}","97.8","0"
"https://github.com/pallets/markupsafe.git","bench/bench_long_suffix.py","d14758e997a7a9bbd04744db0c4cfadd0029c943","2023-04-03T13:16:45Z","0.0722","1","4","1","0","1","0","{'long_function': 0, 'too_many_parameters': 0, 'deep_nesting': 0, 'large_file': 0, 'god_class': 0}","97.8","0"
"https://github.com/pallets/markupsafe.git","bench/bench_short_empty_string.py","d14758e997a7a9bbd04744db0c4cfadd0029c943","2023-04-03T13:16:45Z","0.0722","1","3","1","0","1","0","{'long_function': 0, 'too_many_parameters': 0, 'deep_nesting': 0, 'large_file': 0, 'god_class': 0}","97.85","0"
"https://github.com/pallets/markupsafe.git","bench/runbench.py","d14758e997a7a9bbd04744db0c4cfadd0029c943","2023-04-03T13:16:45Z","0.0722","5","29","3","0","3","0","{'long_function': 0, 'too_many_parameters': 0, 'deep_nesting': 0, 'large_file': 0, 'god_class': 0}","88.55","0"
"https://github.com/pallets/markupsafe.git","docs/conf.py","d14758e997a7a9bbd04744db0c4cfadd0029c943","2023-04-03T13:16:45Z","0.0722","1","40","0","0","0","0","{'long_function': 0, 'too_many_parameters': 0, 'deep_nesting': 0, 'large_file': 0, 'god_class': 0}","96.0","0"
"https://github.com/pallets/markupsafe.git","src/markupsafe/_native.py","d14758e997a7a9bbd04744db0c4cfadd0029c943","2023-04-03T13:16:45Z","0.1336","4","49","3","0","2","0","{'long_function': 0, 'too_many_parameters': 0, 'deep_nesting': 0, 'large_file': 0, 'god_class': 0}","89.55","0"
"https://github.com/pallets/markupsafe.git","src/markupsafe/__init__.py","d14758e997a7a9bbd04744db0c4cfadd0029c943","2023-04-03T13:16:45Z","0.0722","26","213","30","4","5","2","{'long_function': 0, 'too_many_parameters': 0, 'deep_nesting': 1, 'large_file': 0, 'god_class': 1}","27.35","0"
"https://github.com/pallets/markupsafe.git","tests/conftest.py","d14758e997a7a9bbd04744db0c4cfadd0029c943","2023-04-03T13:16:45Z","0.0722","2","27","4","0","1","0","{'long_function': 0, 'too_many_parameters': 0, 'deep_nesting': 0, 'large_file': 0, 'god_class': 0}","94.65","0"
"https://github.com/pallets/markupsafe.git","tests/test_escape.py","d14758e997a7a9bbd04744db0c4cfadd0029c943","2023-04-03T13:16:45Z","0","1","22","1","0","1","0","{'long_function': 0, 'too_many_parameters': 0, 'deep_nesting': 0, 'large_file': 0, 'god_class': 0}","96.9","0"
"https://github.com/pallets/markupsafe.git","tests/test_exception_custom_html.py","d14758e997a7a9bbd04744db0c4cfadd0029c943","2023-04-03T13:16:45Z","0.0722","1","13","2","1","2","0","{'long_function': 0, 'too_many_parameters': 0, 'deep_nesting': 0, 'large_file': 0, 'god_class': 0}","97.35","0"
"https://github.com/pallets/markupsafe.git","tests/test_leak.py","d14758e997a7a9bbd04744db0c4cfadd0029c943","2023-04-03T13:16:45Z","0.0722","4","20","1","0","3","0","{'long_function': 0, 'too_many_parameters': 0, 'deep_nesting': 0, 'large_file': 0, 'god_class': 0}","91.0","0"
"https://github.com/pallets/markupsafe.git","tests/test_markupsafe.py","d14758e997a7a9bbd04744db0c4cfadd0029c943","2023-04-03T13:16:45Z","0","3","140","29","6","5","1","{'long_function': 0, 'too_many_parameters': 0, 'deep_nesting': 1, 'large_file': 0, 'god_class': 0}","82.0","0"
"https://github.com/pallets/markupsafe.git","bench.py","9941bf282076caa70f59ff0e2c53181e5f7e14e1","2024-04-19T18:33:29Z","0.113","3","25","0","0","2","0","{'long_function': 0, 'too_many_parameters': 0, 'deep_nesting': 0, 'large_file': 0, 'god_class': 0}","92.75","0"
"https://github.com/pallets/markupsafe.git","setup.py","9941bf282076caa70f59ff0e2c53181e5f7e14e1","2024-04-19T18:33:29Z","0.113","11","68","4","2","4","0","{'long_function': 0, 'too_many_parameters': 0, 'deep_nesting': 0, 'large_file': 0, 'god_class': 0}","74.6","0"
"https://github.com/pallets/markupsafe.git","docs/conf.py","9941bf282076caa70f59ff0e2c53181e5f7e14e1","2024-04-19T18:33:29Z","0.113","1","42","0","0","0","0","{'long_function': 0, 'too_many_parameters': 0, 'deep_nesting': 0, 'large_file': 0, 'god_class': 0}","95.9","0"
"https://github.com/pallets/markupsafe.git","src/markupsafe/_native.py","9941bf282076caa70f59ff0e2c53181e5f7e14e1","2024-04-19T18:33:29Z","0.113","4","50","3","0","2","0","{'long_function': 0, 'too_many_parameters': 0, 'deep_nesting': 0, 'large_file': 0, 'god_class': 0}","89.5","0"
"https://github.com/pallets/markupsafe.git","src/markupsafe/__init__.py","9941bf282076caa70f59ff0e2c53181e5f7e14e1","2024-04-19T18:33:29Z","0.113","27","241","50","5","5","2","{'long_function': 0, 'too_many_parameters': 0, 'deep_nesting': 1, 'large_file': 0, 'god_class': 1}","23.95","0"
"https://github.com/pallets/markupsafe.git","tests/conftest.py","9941bf282076caa70f59ff0e2c53181e5f7e14e1","2024-04-19T18:33:29Z","0.209","3","39","7","3","3","0","{'long_function': 0, 'too_many_parameters': 0, 'deep_nesting': 0, 'large_file': 0, 'god_class': 0}","92.05","0"
"https://github.com/pallets/markupsafe.git","tests/test_escape.py","9941bf282076caa70f59ff0e2c53181e5f7e14e1","2024-04-19T18:33:29Z","0","2","26","1","0","1","0","{'long_function': 0, 'too_many_parameters': 0, 'deep_nesting': 0, 'large_file': 0, 'god_class': 0}","94.7","0"
"https://github.com/pallets/markupsafe.git","tests/test_exception_custom_html.py","9941bf282076caa70f59ff0e2c53181e5f7e14e1","2024-04-19T18:33:29Z","0.113","2","17","2","1","2","0","{'long_function': 0, 'too_many_parameters': 0, 'deep_nesting': 0, 'large_file': 0, 'god_class': 0}","95.15","0"
"https://github.com/pallets/markupsafe.git","tests/test_leak.py","9941bf282076caa70f59ff0e2c53181e5f7e14e1","2024-04-19T18:33:29Z","0.113","4","21","1","0","3","0","{'long_function': 0, 'too_many_parameters': 0, 'deep_nesting': 0, 'large_file': 0, 'god_class': 0}","90.95","0"
"https://github.com/pallets/markupsafe.git","tests/test_markupsafe.py","9941bf282076caa70f59ff0e2c53181e5f7e14e1","2024-04-19T18:33:29Z","0","4","149","30","6","5","1","{'long_function': 0, 'too_many_parameters': 0, 'deep_nesting': 1, 'large_file': 0, 'god_class': 0}","79.55","0"
"https://github.com/pallets/markupsafe.git","tests/__init__.py","9941bf282076caa70f59ff0e2c53181e5f7e14e1","2024-04-19T18:33:29Z","0.113","1","0","0","0","0","0","{'long_function': 0, 'too_many_parameters': 0, 'deep_nesting': 0, 'large_file': 0, 'god_class': 0}","98.0","0"
"https://github.com/pallets/flask.git","flask.py","33850c0ebd23ae615e6823993d441f46d80b1ff0","2010-04-06T11:12:57Z","0.5745","23","281","28","5","4","1","{'long_function': 0, 'too_many_parameters': 0, 'deep_nesting': 0, 'large_file': 0, 'god_class': 1}","34.95","1"
"https://github.com/pallets/flask.git","examples/apishowcase/apishowcase.py","33850c0ebd23ae615e6823993d441f46d80b1ff0","2010-04-06T11:12:57Z","0.2128","3","19","3","0","2","0","{'long_function': 0, 'too_many_parameters': 0, 'deep_nesting': 0, 'large_file': 0, 'god_class': 0}","93.05","0"
"https://github.com/pallets/flask.git","examples/minitwit/minitwit.py","33850c0ebd23ae615e6823993d441f46d80b1ff0","2010-04-06T11:12:57Z","0.2128","29","182","17","0","7","3","{'long_function': 0, 'too_many_parameters': 0, 'deep_nesting': 3, 'large_file': 0, 'god_class': 0}","17.9","1"
"https://github.com/pallets/flask.git","setup.py","da514b398429653dbd368c6da48c9863d3c2632f","2010-07-06T08:42:36Z","0.0245","1","63","1","0","1","0","{'long_function': 0, 'too_many_parameters': 0, 'deep_nesting': 0, 'large_file': 0, 'god_class': 0}","94.85","0"
"https://github.com/pallets/flask.git","docs/flaskext.py","da514b398429653dbd368c6da48c9863d3c2632f","2010-07-06T08:42:36Z","0.0245","1","68","0","1","1","0","{'long_function': 0, 'too_many_parameters': 0, 'deep_nesting': 0, 'large_file': 0, 'god_class': 0}","94.6","0"
"https://github.com/pallets/flask.git","examples/flaskr/flaskr.py","da514b398429653dbd368c6da48c9863d3c2632f","2010-07-06T08:42:36Z","0.0563","7","73","8","0","4","0","{'long_function': 0, 'too_many_parameters': 0, 'deep_nesting': 0, 'large_file': 0, 'god_class': 0}","82.35","0"
"https://github.com/pallets/flask.git","examples/flaskr/flaskr_tests.py","da514b398429653dbd368c6da48c9863d3c2632f","2010-07-06T08:42:36Z","0.0374","2","58","7","1","2","0","{'long_function': 0, 'too_many_parameters': 0, 'deep_nesting': 0, 'large_file': 0, 'god_class': 0}","93.1","0"
"https://github.com/pallets/flask.git","examples/jqueryexample/jqueryexample.py","da514b398429653dbd368c6da48c9863d3c2632f","2010-07-06T08:42:36Z","0.0245","2","20","2","0","1","0","{'long_function': 0, 'too_many_parameters': 0, 'deep_nesting': 0, 'large_file': 0, 'god_class': 0}","95.0","0"
"https://github.com/pallets/flask.git","examples/minitwit/minitwit.py","da514b398429653dbd368c6da48c9863d3c2632f","2010-07-06T08:42:36Z","0.0563","29","201","17","0","7","3","{'long_function': 0, 'too_many_parameters': 0, 'deep_nesting': 3, 'large_file': 0, 'god_class': 0}","16.95","0"
"https://github.com/pallets/flask.git","examples/minitwit/minitwit_tests.py","da514b398429653dbd368c6da48c9863d3c2632f","2010-07-06T08:42:36Z","0.0374","5","117","11","1","3","1","{'long_function': 0, 'too_many_parameters': 0, 'deep_nesting': 0, 'large_file': 0, 'god_class': 1}","79.15","0"
"https://github.com/pallets/flask.git","flask/app.py","da514b398429653dbd368c6da48c9863d3c2632f","2010-07-06T08:42:36Z","0.0245","41","565","31","1","5","5","{'long_function': 2, 'too_many_parameters': 0, 'deep_nesting': 1, 'large_file': 1, 'god_class': 1}","0","1"
"https://github.com/pallets/flask.git","flask/config.py","da514b398429653dbd368c6da48c9863d3c2632f","2010-07-06T08:42:36Z","0.0271","8","114","8","2","4","0","{'long_function': 0, 'too_many_parameters': 0, 'deep_nesting': 0, 'large_file': 0, 'god_class': 0}","78.3","0"
"https://github.com/pallets/flask.git","flask/ctx.py","da514b398429653dbd368c6da48c9863d3c2632f","2010-07-06T08:42:36Z","0.0271","6","46","5","2","3","0","{'long_function': 0, 'too_many_parameters': 0, 'deep_nesting': 0, 'large_file': 0, 'god_class': 0}","85.7","1"
"https://github.com/pallets/flask.git","flask/globals.py","da514b398429653dbd368c6da48c9863d3c2632f","2010-07-06T08:42:36Z","0.1239","1","14","0","0","0","0","{'long_function': 0, 'too_many_parameters': 0, 'deep_nesting': 0, 'large_file': 0, 'god_class': 0}","97.3","1"
"https://github.com/pallets/flask.git","flask/helpers.py","da514b398429653dbd368c6da48c9863d3c2632f","2010-07-06T08:42:36Z","0.0732","39","305","15","1","4","2","{'long_function': 1, 'too_many_parameters': 1, 'deep_nesting': 0, 'large_file': 0, 'god_class': 0}","0","1"
"https://github.com/pallets/flask.git","flask/logging.py","da514b398429653dbd368c6da48c9863d3c2632f","2010-07-06T08:42:36Z","0.249","3","30","3","2","3","0","{'long_function': 0, 'too_many_parameters': 0, 'deep_nesting': 0, 'large_file': 0, 'god_class': 0}","92.5","0"
"https://github.com/pallets/flask.git","flask/module.py","da514b398429653dbd368c6da48c9863d3c2632f","2010-07-06T08:42:36Z","0.0271","6","163","17","2","4","1","{'long_function': 0, 'too_many_parameters': 0, 'deep_nesting': 0, 'large_file': 0, 'god_class': 1}","74.85","1"
"https://github.com/pallets/flask.git","flask/session.py","da514b398429653dbd368c6da48c9863d3c2632f","2010-07-06T08:42:36Z","0.0386","1","31","3","2","2","0","{'long_function': 0, 'too_many_parameters': 0, 'deep_nesting': 0, 'large_file': 0, 'god_class': 0}","96.45","0"
"https://github.com/pallets/flask.git","flask/templating.py","da514b398429653dbd368c6da48c9863d3c2632f","2010-07-06T08:42:36Z","0.0271","7","67","6","1","5","1","{'long_function': 0, 'too_many_parameters': 0, 'deep_nesting': 1, 'large_file': 0, 'god_class': 0}","77.65","1"
"https://github.com/pallets/flask.git","flask/testing.py","da514b398429653dbd368c6da48c9863d3c2632f","2010-07-06T08:42:36Z","0.0245","3","35","3","1","3","0","{'long_function': 0, 'too_many_parameters': 0, 'deep_nesting': 0, 'large_file': 0, 'god_class': 0}","92.25","0"
"https://github.com/pallets/flask.git","flask/wrappers.py","da514b398429653dbd368c6da48c9863d3c2632f","2010-07-06T08:42:36Z","0.0271","5","43","2","2","3","0","{'long_function': 0, 'too_many_parameters': 0, 'deep_nesting': 0, 'large_file': 0, 'god_class': 0}","87.85","1"
"https://github.com/pallets/flask.git","flask/__init__.py","da514b398429653dbd368c6da48c9863d3c2632f","2010-07-06T08:42:36Z","0.0245","2","20","0","0","1","0","{'long_function': 0, 'too_many_parameters': 0, 'deep_nesting': 0, 'large_file': 0, 'god_class': 0}","95.0","0"
"https://github.com/pallets/flask.git","tests/flask_tests.py","da514b398429653dbd368c6da48c9863d3c2632f","2010-07-06T08:42:36Z","0.0453","17","827","132","12","4","2","{'long_function': 0, 'too_many_parameters': 0, 'deep_nesting': 0, 'large_file': 1, 'god_class': 1}","14.65","1"
"https://github.com/pallets/flask.git","tests/moduleapp/__init__.py","da514b398429653dbd368c6da48c9863d3c2632f","2010-07-06T08:42:36Z","0.0245","1","6","0","0","0","0","{'long_function': 0, 'too_many_parameters': 0, 'deep_nesting': 0, 'large_file': 0, 'god_class': 0}","97.7","0"
"https://github.com/pallets/flask.git","tests/moduleapp/apps/__init__.py","da514b398429653dbd368c6da48c9863d3c2632f","2010-07-06T08:42:36Z","0.0245","1","0","0","0","0","0","{'long_function': 0, 'too_many_parameters': 0, 'deep_nesting': 0, 'large_file': 0, 'god_class': 0}","98.0","0"
"https://github.com/pallets/flask.git","tests/moduleapp/apps/admin/__init__.py","da514b398429653dbd368c6da48c9863d3c2632f","2010-07-06T08:42:36Z","0.0245","1","5","1","0","1","0","{'long_function': 0, 'too_many_parameters': 0, 'deep_nesting': 0, 'large_file': 0, 'god_class': 0}","97.75","0"
"https://github.com/pallets/flask.git","tests/moduleapp/apps/frontend/__init__.py","da514b398429653dbd368c6da48c9863d3c2632f","2010-07-06T08:42:36Z","0.0245","1","5","1","0","1","0","{'long_function': 0, 'too_many_parameters': 0, 'deep_nesting': 0, 'large_file': 0, 'god_class': 0}","97.75","0"
"https://github.com/pallets/flask.git","docs/flaskext.py","7155f11a723695352323d484610b9a1c6798eb69","2011-08-05T10:35:41Z","0.0243","1","68","0","1","1","0","{'long_function': 0, 'too_many_parameters': 0, 'deep_nesting': 0, 'large_file': 0, 'god_class': 0}","94.6","0"
"https://github.com/pallets/flask.git","examples/flaskr/flaskr.py","7155f11a723695352323d484610b9a1c6798eb69","2011-08-05T10:35:41Z","0.045","7","72","8","0","4","0","{'long_function': 0, 'too_many_parameters': 0, 'deep_nesting': 0, 'large_file': 0, 'god_class': 0}","82.4","0"
"https://github.com/pallets/flask.git","examples/flaskr/flaskr_tests.py","7155f11a723695352323d484610b9a1c6798eb69","2011-08-05T10:35:41Z","0.0243","2","59","7","1","2","0","{'long_function': 0, 'too_many_parameters': 0, 'deep_nesting': 0, 'large_file': 0, 'god_class': 0}","93.05","0"
"https://github.com/pallets/flask.git","examples/jqueryexample/jqueryexample.py","7155f11a723695352323d484610b9a1c6798eb69","2011-08-05T10:35:41Z","0.0243","2","20","2","0","1","0","{'long_function': 0, 'too_many_parameters': 0, 'deep_nesting': 0, 'large_file': 0, 'god_class': 0}","95.0","0"
"https://github.com/pallets/flask.git","examples/minitwit/minitwit.py","7155f11a723695352323d484610b9a1c6798eb69","2011-08-05T10:35:41Z","0.045","29","200","17","0","7","3","{'long_function': 0, 'too_many_parameters': 0, 'deep_nesting': 3, 'large_file': 0, 'god_class': 0}","17.0","0"
"https://github.com/pallets/flask.git","examples/minitwit/minitwit_tests.py","7155f11a723695352323d484610b9a1c6798eb69","2011-08-05T10:35:41Z","0.0243","5","117","11","1","3","1","{'long_function': 0, 'too_many_parameters': 0, 'deep_nesting': 0, 'large_file': 0, 'god_class': 1}","79.15","0"
"https://github.com/pallets/flask.git","flask/blueprints.py","7155f11a723695352323d484610b9a1c6798eb69","2011-08-05T10:35:41Z","0.0596","12","253","30","2","4","2","{'long_function': 0, 'too_many_parameters': 1, 'deep_nesting': 0, 'large_file': 0, 'god_class': 1}","53.35","0"
"https://github.com/pallets/flask.git","flask/config.py","7155f11a723695352323d484610b9a1c6798eb69","2011-08-05T10:35:41Z","0.0243","11","126","8","2","4","0","{'long_function': 0, 'too_many_parameters': 0, 'deep_nesting': 0, 'large_file': 0, 'god_class': 0}","71.7","0"
"https://github.com/pallets/flask.git","flask/ctx.py","7155f11a723695352323d484610b9a1c6798eb69","2011-08-05T10:35:41Z","0.0243","9","103","7","2","4","0","{'long_function': 0, 'too_many_parameters': 0, 'deep_nesting': 0, 'large_file': 0, 'god_class': 0}","76.85","1"
"https://github.com/pallets/flask.git","flask/globals.py","7155f11a723695352323d484610b9a1c6798eb69","2011-08-05T10:35:41Z","0.145","2","20","1","0","2","0","{'long_function': 0, 'too_many_parameters': 0, 'deep_nesting': 0, 'large_file': 0, 'god_class': 0}","95.0","1"
"https://github.com/pallets/flask.git","flask/helpers.py","7155f11a723695352323d484610b9a1c6798eb69","2011-08-05T10:35:41Z","0.0853","66","447","24","2","4","2","{'long_function': 1, 'too_many_parameters': 1, 'deep_nesting': 0, 'large_file': 0, 'god_class': 0}","0","0"
"https://github.com/pallets/flask.git","flask/logging.py","7155f11a723695352323d484610b9a1c6798eb69","2011-08-05T10:35:41Z","0.162","3","31","3","2","3","0","{'long_function': 0, 'too_many_parameters': 0, 'deep_nesting': 0, 'large_file': 0, 'god_class': 0}","92.45","1"
"https://github.com/pallets/flask.git","flask/module.py","7155f11a723695352323d484610b9a1c6798eb69","2011-08-05T10:35:41Z","0.0415","3","30","2","1","3","1","{'long_function': 0, 'too_many_parameters': 1, 'deep_nesting': 0, 'large_file': 0, 'god_class': 0}","87.5","0"
"https://github.com/pallets/flask.git","flask/session.py","7155f11a723695352323d484610b9a1c6798eb69","2011-08-05T10:35:41Z","0.0243","1","13","0","0","0","0","{'long_function': 0, 'too_many_parameters': 0, 'deep_nesting': 0, 'large_file': 0, 'god_class': 0}","97.35","0"
"https://github.com/pallets/flask.git","flask/sessions.py","7155f11a723695352323d484610b9a1c6798eb69","2011-08-05T10:35:41Z","0.045","6","127","11","5","3","0","{'long_function': 0, 'too_many_parameters': 0, 'deep_nesting': 0, 'large_file': 0, 'god_class': 0}","81.65","0"
"https://github.com/pallets/flask.git","flask/signals.py","7155f11a723695352323d484610b9a1c6798eb69","2011-08-05T10:35:41Z","0.0312","2","39","3","2","3","0","{'long_function': 0, 'too_many_parameters': 0, 'deep_nesting': 0, 'large_file': 0, 'god_class': 0}","94.05","0"
"https://github.com/pallets/flask.git","flask/templating.py","7155f11a723695352323d484610b9a1c6798eb69","2011-08-05T10:35:41Z","0.0243","16","108","9","2","6","3","{'long_function': 0, 'too_many_parameters': 0, 'deep_nesting': 3, 'large_file': 0, 'god_class': 0}","47.6","0"
"https://github.com/pallets/flask.git","flask/testing.py","7155f11a723695352323d484610b9a1c6798eb69","2011-08-05T10:35:41Z","0.0243","7","53","3","1","5","1","{'long_function': 0, 'too_many_parameters': 0, 'deep_nesting': 1, 'large_file': 0, 'god_class': 0}","78.35","1"
"https://github.com/pallets/flask.git","flask/views.py","7155f11a723695352323d484610b9a1c6798eb69","2011-08-05T10:35:41Z","0.0243","6","78","5","3","5","1","{'long_function': 0, 'too_many_parameters': 0, 'deep_nesting': 1, 'large_file': 0, 'god_class': 0}","79.1","0"
"https://github.com/pallets/flask.git","flask/wrappers.py","7155f11a723695352323d484610b9a1c6798eb69","2011-08-05T10:35:41Z","0.0243","9","80","5","2","4","0","{'long_function': 0, 'too_many_parameters': 0, 'deep_nesting': 0, 'large_file': 0, 'god_class': 0}","78.0","1"
"https://github.com/pallets/flask.git","flask/__init__.py","7155f11a723695352323d484610b9a1c6798eb69","2011-08-05T10:35:41Z","0.0243","2","27","0","0","1","0","{'long_function': 0, 'too_many_parameters': 0, 'deep_nesting': 0, 'large_file': 0, 'god_class': 0}","94.65","0"
"https://github.com/pallets/flask.git","scripts/make-release.py","7155f11a723695352323d484610b9a1c6798eb69","2011-08-05T10:35:41Z","0.0243","14","106","15","0","5","1","{'long_function': 0, 'too_many_parameters': 0, 'deep_nesting': 1, 'large_file': 0, 'god_class': 0}","61.7","1"
"https://github.com/pallets/flask.git","scripts/testproj/test.py","7155f11a723695352323d484610b9a1c6798eb69","2011-08-05T10:35:41Z","0.0243","1","30","6","0","1","0","{'long_function': 0, 'too_many_parameters': 0, 'deep_nesting': 0, 'large_file': 0, 'god_class': 0}","96.5","0"
"https://github.com/pallets/flask.git","tests/flask_tests.py","7155f11a723695352323d484610b9a1c6798eb69","2011-08-05T10:35:41Z","0","44","1698","274","26","5","8","{'long_function': 1, 'too_many_parameters': 1, 'deep_nesting': 3, 'large_file': 1, 'god_class': 2}","0","1"
"https://github.com/pallets/flask.git","tests/blueprintapp/__init__.py","7155f11a723695352323d484610b9a1c6798eb69","2011-08-05T10:35:41Z","0.0243","1","6","0","0","0","0","{'long_function': 0, 'too_many_parameters': 0, 'deep_nesting': 0, 'large_file': 0, 'god_class': 0}","97.7","1"
"https://github.com/pallets/flask.git","tests/blueprintapp/apps/__init__.py","7155f11a723695352323d484610b9a1c6798eb69","2011-08-05T10:35:41Z","0.0243","1","0","0","0","0","0","{'long_function': 0, 'too_many_parameters': 0, 'deep_nesting': 0, 'large_file': 0, 'god_class': 0}","98.0","1"
"https://github.com/pallets/flask.git","tests/blueprintapp/apps/admin/__init__.py","7155f11a723695352323d484610b9a1c6798eb69","2011-08-05T10:35:41Z","0.0243","1","10","2","0","1","0","{'long_function': 0, 'too_many_parameters': 0, 'deep_nesting': 0, 'large_file': 0, 'god_class': 0}","97.5","1"
"https://github.com/pallets/flask.git","tests/blueprintapp/apps/frontend/__init__.py","7155f11a723695352323d484610b9a1c6798eb69","2011-08-05T10:35:41Z","0.0243","1","5","1","0","1","0","{'long_function': 0, 'too_many_parameters': 0, 'deep_nesting': 0, 'large_file': 0, 'god_class': 0}","97.75","1"
"https://github.com/pallets/flask.git","tests/moduleapp/__init__.py","7155f11a723695352323d484610b9a1c6798eb69","2011-08-05T10:35:41Z","0.0243","1","6","0","0","0","0","{'long_function': 0, 'too_many_parameters': 0, 'deep_nesting': 0, 'large_file': 0, 'god_class': 0}","97.7","1"
"https://github.com/pallets/flask.git","tests/moduleapp/apps/__init__.py","7155f11a723695352323d484610b9a1c6798eb69","2011-08-05T10:35:41Z","0.0243","1","0","0","0","0","0","{'long_function': 0, 'too_many_parameters': 0, 'deep_nesting': 0, 'large_file': 0, 'god_class': 0}","98.0","1"
"https://github.com/pallets/flask.git","tests/moduleapp/apps/admin/__init__.py","7155f11a723695352323d484610b9a1c6798eb69","2011-08-05T10:35:41Z","0.0243","1","8","2","0","1","0","{'long_function': 0, 'too_many_parameters': 0, 'deep_nesting': 0, 'large_file': 0, 'god_class': 0}","97.6","1"
"https://github.com/pallets/flask.git","tests/moduleapp/apps/frontend/__init__.py","7155f11a723695352323d484610b9a1c6798eb69","2011-08-05T10:35:41Z","0.0243","1","5","1","0","1","0","{'long_function': 0, 'too_many_parameters': 0, 'deep_nesting': 0, 'large_file': 0, 'god_class': 0}","97.75","1"
"https://github.com/pallets/flask.git","tests/subdomaintestmodule/__init__.py","7155f11a723695352323d484610b9a1c6798eb69","2011-08-05T10:35:41Z","0.0243","1","2","0","0","0","0","{'long_function': 0, 'too_many_parameters': 0, 'deep_nesting': 0, 'large_file': 0, 'god_class': 0}","97.9","1"
"https://github.com/pallets/flask.git","run-tests.py","777c0c56b5768582eb57607846a945f94c37e154","2013-01-25T04:13:30Z","0.0154","1","4","0","0","0","0","{'long_function': 0, 'too_many_parameters': 0, 'deep_nesting': 0, 'large_file': 0, 'god_class': 0}","97.8","0"
"https://github.com/pallets/flask.git","docs/flaskdocext.py","777c0c56b5768582eb57607846a945f94c37e154","2013-01-25T04:13:30Z","0.0154","3","10","2","0","2","1","{'long_function': 0, 'too_many_parameters': 1, 'deep_nesting': 0, 'large_file': 0, 'god_class': 0}","88.5","0"
"https://github.com/pallets/flask.git","docs/flaskext.py","777c0c56b5768582eb57607846a945f94c37e154","2013-01-25T04:13:30Z","0.0154","1","68","0","1","1","0","{'long_function': 0, 'too_many_parameters': 0, 'deep_nesting': 0, 'large_file': 0, 'god_class': 0}","94.6","0"
"https://github.com/pallets/flask.git","examples/blueprintexample/blueprintexample.py","777c0c56b5768582eb57607846a945f94c37e154","2013-01-25T04:13:30Z","0.0284","2","7","0","0","1","0","{'long_function': 0, 'too_many_parameters': 0, 'deep_nesting': 0, 'large_file': 0, 'god_class': 0}","95.65","0"
"https://github.com/pallets/flask.git","examples/blueprintexample/blueprintexample_test.py","777c0c56b5768582eb57607846a945f94c37e154","2013-01-25T04:13:30Z","0.0154","2","23","2","1","2","0","{'long_function': 0, 'too_many_parameters': 0, 'deep_nesting': 0, 'large_file': 0, 'god_class': 0}","94.85","0"
"https://github.com/pallets/flask.git","examples/blueprintexample/simple_page/simple_page.py","777c0c56b5768582eb57607846a945f94c37e154","2013-01-25T04:13:30Z","0.0154","2","11","1","0","2","0","{'long_function': 0, 'too_many_parameters': 0, 'deep_nesting': 0, 'large_file': 0, 'god_class': 0}","95.45","0"
"https://github.com/pallets/flask.git","examples/blueprintexample/simple_page/__init__.py","777c0c56b5768582eb57607846a945f94c37e154","2013-01-25T04:13:30Z","0.0154","1","0","0","0","0","0","{'long_function': 0, 'too_many_parameters': 0, 'deep_nesting': 0, 'large_file': 0, 'god_class': 0}","98.0","0"
"https://github.com/pallets/flask.git","examples/flaskr/flaskr.py","777c0c56b5768582eb57607846a945f94c37e154","2013-01-25T04:13:30Z","0.034","9","78","7","0","4","0","{'long_function': 0, 'too_many_parameters': 0, 'deep_nesting': 0, 'large_file': 0, 'god_class': 0}","78.1","0"
"https://github.com/pallets/flask.git","examples/flaskr/flaskr_tests.py","777c0c56b5768582eb57607846a945f94c37e154","2013-01-25T04:13:30Z","0.0219","2","59","7","1","2","0","{'long_function': 0, 'too_many_parameters': 0, 'deep_nesting': 0, 'large_file': 0, 'god_class': 0}","93.05","0"
"https://github.com/pallets/flask.git","examples/jqueryexample/jqueryexample.py","777c0c56b5768582eb57607846a945f94c37e154","2013-01-25T04:13:30Z","0.0154","2","20","2","0","1","0","{'long_function': 0, 'too_many_parameters': 0, 'deep_nesting': 0, 'large_file': 0, 'god_class': 0}","95.0","0"
"https://github.com/pallets/flask.git","examples/minitwit/minitwit.py","777c0c56b5768582eb57607846a945f94c37e154","2013-01-25T04:13:30Z","0.034","29","208","17","0","7","3","{'long_function': 0, 'too_many_parameters': 0, 'deep_nesting': 3, 'large_file': 0, 'god_class': 0}","16.6","0"
"https://github.com/pallets/flask.git","examples/minitwit/minitwit_tests.py","777c0c56b5768582eb57607846a945f94c37e154","2013-01-25T04:13:30Z","0.0219","5","117","11","1","3","1","{'long_function': 0, 'too_many_parameters': 0, 'deep_nesting': 0, 'large_file': 0, 'god_class': 1}","79.15","0"
"https://github.com/pallets/flask.git","flask/blueprints.py","777c0c56b5768582eb57607846a945f94c37e154","2013-01-25T04:13:30Z","0.034","15","304","39","2","4","2","{'long_function': 0, 'too_many_parameters': 1, 'deep_nesting': 0, 'large_file': 0, 'god_class': 1}","44.8","1"
"https://github.com/pallets/flask.git","flask/config.py","777c0c56b5768582eb57607846a945f94c37e154","2013-01-25T04:13:30Z","0.0154","12","129","8","2","4","0","{'long_function': 0, 'too_many_parameters': 0, 'deep_nesting': 0, 'large_file': 0, 'god_class': 0}","69.55","0"
"https://github.com/pallets/flask.git","flask/ctx.py","777c0c56b5768582eb57607846a945f94c37e154","2013-01-25T04:13:30Z","0.0154","19","205","17","3","4","0","{'long_function': 0, 'too_many_parameters': 0, 'deep_nesting': 0, 'large_file': 0, 'god_class': 0}","51.75","0"
"https://github.com/pallets/flask.git","flask/debughelpers.py","777c0c56b5768582eb57607846a945f94c37e154","2013-01-25T04:13:30Z","0.0197","6","68","5","4","5","1","{'long_function': 0, 'too_many_parameters': 0, 'deep_nesting': 1, 'large_file': 0, 'god_class': 0}","79.6","0"
"https://github.com/pallets/flask.git","flask/exceptions.py","777c0c56b5768582eb57607846a945f94c37e154","2013-01-25T04:13:30Z","0.0197","1","33","2","2","2","0","{'long_function': 0, 'too_many_parameters': 0, 'deep_nesting': 0, 'large_file': 0, 'god_class': 0}","96.35","0"
"https://github.com/pallets/flask.git","flask/globals.py","777c0c56b5768582eb57607846a945f94c37e154","2013-01-25T04:13:30Z","0.0524","4","31","3","0","2","0","{'long_function': 0, 'too_many_parameters': 0, 'deep_nesting': 0, 'large_file': 0, 'god_class': 0}","90.45","0"
"https://github.com/pallets/flask.git","flask/helpers.py","777c0c56b5768582eb57607846a945f94c37e154","2013-01-25T04:13:30Z","0.0154","85","622","26","2","5","11","{'long_function': 3, 'too_many_parameters': 1, 'deep_nesting': 6, 'large_file': 1, 'god_class': 0}","0","0"
"https://github.com/pallets/flask.git","flask/json.py","777c0c56b5768582eb57607846a945f94c37e154","2013-01-25T04:13:30Z","0.0154","8","122","10","2","3","0","{'long_function': 0, 'too_many_parameters': 0, 'deep_nesting': 0, 'large_file': 0, 'god_class': 0}","77.9","0"
"https://github.com/pallets/flask.git","flask/logging.py","777c0c56b5768582eb57607846a945f94c37e154","2013-01-25T04:13:30Z","0.1895","4","33","3","2","4","0","{'long_function': 0, 'too_many_parameters': 0, 'deep_nesting': 0, 'large_file': 0, 'god_class': 0}","90.35","0"
"https://github.com/pallets/flask.git","flask/module.py","777c0c56b5768582eb57607846a945f94c37e154","2013-01-25T04:13:30Z","0.0219","3","30","2","1","3","1","{'long_function': 0, 'too_many_parameters': 1, 'deep_nesting': 0, 'large_file': 0, 'god_class': 0}","87.5","0"
"https://github.com/pallets/flask.git","flask/sessions.py","777c0c56b5768582eb57607846a945f94c37e154","2013-01-25T04:13:30Z","0.0154","26","225","22","6","10","8","{'long_function': 0, 'too_many_parameters': 0, 'deep_nesting': 8, 'large_file': 0, 'god_class': 0}","0","0"
"https://github.com/pallets/flask.git","flask/signals.py","777c0c56b5768582eb57607846a945f94c37e154","2013-01-25T04:13:30Z","0.0154","2","40","3","2","3","0","{'long_function': 0, 'too_many_parameters': 0, 'deep_nesting': 0, 'large_file': 0, 'god_class': 0}","94.0","0"
"https://github.com/pallets/flask.git","flask/templating.py","777c0c56b5768582eb57607846a945f94c37e154","2013-01-25T04:13:30Z","0.0154","18","112","9","2","6","3","{'long_function': 0, 'too_many_parameters': 0, 'deep_nesting': 3, 'large_file': 0, 'god_class': 0}","43.4","0"
"https://github.com/pallets/flask.git","flask/testing.py","777c0c56b5768582eb57607846a945f94c37e154","2013-01-25T04:13:30Z","0.0154","12","90","5","1","4","0","{'long_function': 0, 'too_many_parameters': 0, 'deep_nesting': 0, 'large_file': 0, 'god_class': 0}","71.5","0"
"https://github.com/pallets/flask.git","flask/views.py","777c0c56b5768582eb57607846a945f94c37e154","2013-01-25T04:13:30Z","0.0154","10","98","5","3","5","1","{'long_function': 0, 'too_many_parameters': 0, 'deep_nesting': 1, 'large_file': 0, 'god_class': 0}","70.1","0"
"https://github.com/pallets/flask.git","flask/wrappers.py","777c0c56b5768582eb57607846a945f94c37e154","2013-01-25T04:13:30Z","0.0154","13","103","7","2","5","1","{'long_function': 0, 'too_many_parameters': 0, 'deep_nesting': 1, 'large_file': 0, 'god_class': 0}","63.85","0"
"https://github.com/pallets/flask.git","flask/__init__.py","777c0c56b5768582eb57607846a945f94c37e154","2013-01-25T04:13:30Z","0.0154","1","31","0","0","0","0","{'long_function': 0, 'too_many_parameters': 0, 'deep_nesting': 0, 'large_file': 0, 'god_class': 0}","96.45","0"
"https://github.com/pallets/flask.git","flask/ext/__init__.py","777c0c56b5768582eb57607846a945f94c37e154","2013-01-25T04:13:30Z","0.0154","1","20","1","0","1","0","{'long_function': 0, 'too_many_parameters': 0, 'deep_nesting': 0, 'large_file': 0, 'god_class': 0}","97.0","0"
"https://github.com/pallets/flask.git","flask/testsuite/appctx.py","777c0c56b5768582eb57607846a945f94c37e154","2013-01-25T04:13:30Z","0.0154","1","81","15","2","5","1","{'long_function': 0, 'too_many_parameters': 0, 'deep_nesting': 1, 'large_file': 0, 'god_class': 0}","88.95","0"
"https://github.com/pallets/flask.git","flask/testsuite/basic.py","777c0c56b5768582eb57607846a945f94c37e154","2013-01-25T04:13:30Z","0.0154","26","1045","168","6","5","4","{'long_function': 1, 'too_many_parameters': 0, 'deep_nesting': 1, 'large_file': 1, 'god_class': 1}","0","0"
"https://github.com/pallets/flask.git","flask/testsuite/blueprints.py","777c0c56b5768582eb57607846a945f94c37e154","2013-01-25T04:13:30Z","0.034","10","646","115","3","5","5","{'long_function': 1, 'too_many_parameters': 0, 'deep_nesting': 2, 'large_file': 1, 'god_class': 1}","22.7","0"
"https://github.com/pallets/flask.git","flask/testsuite/deprecations.py","777c0c56b5768582eb57607846a945f94c37e154","2013-01-25T04:13:30Z","0.0154","1","29","4","2","4","0","{'long_function': 0, 'too_many_parameters': 0, 'deep_nesting': 0, 'large_file': 0, 'god_class': 0}","96.55","0"
"https://github.com/pallets/flask.git","flask/testsuite/examples.py","777c0c56b5768582eb57607846a945f94c37e154","2013-01-25T04:13:30Z","0.0154","3","31","2","0","2","0","{'long_function': 0, 'too_many_parameters': 0, 'deep_nesting': 0, 'large_file': 0, 'god_class': 0}","92.45","0"
"https://github.com/pallets/flask.git","flask/testsuite/ext.py","777c0c56b5768582eb57607846a945f94c37e154","2013-01-25T04:13:30Z","0.0154","13","92","17","1","4","1","{'long_function': 0, 'too_many_parameters': 0, 'deep_nesting': 0, 'large_file': 0, 'god_class': 1}","64.4","0"
"https://github.com/pallets/flask.git","flask/testsuite/helpers.py","777c0c56b5768582eb57607846a945f94c37e154","2013-01-25T04:13:30Z","0.0154","14","454","64","12","5","5","{'long_function': 0, 'too_many_parameters': 0, 'deep_nesting': 5, 'large_file': 0, 'god_class': 0}","24.3","0"
"https://github.com/pallets/flask.git","flask/testsuite/regression.py","777c0c56b5768582eb57607846a945f94c37e154","2013-01-25T04:13:30Z","0.0154","6","83","13","4","5","1","{'long_function': 0, 'too_many_parameters': 0, 'deep_nesting': 1, 'large_file': 0, 'god_class': 0}","78.85","0"
"https://github.com/pallets/flask.git","flask/testsuite/signals.py","777c0c56b5768582eb57607846a945f94c37e154","2013-01-25T04:13:30Z","0.0154","2","79","13","1","3","0","{'long_function': 0, 'too_many_parameters': 0, 'deep_nesting': 0, 'large_file': 0, 'god_class': 0}","92.05","0"
"https://github.com/pallets/flask.git","flask/testsuite/subclassing.py","777c0c56b5768582eb57607846a945f94c37e154","2013-01-25T04:13:30Z","0.0154","1","34","4","2","4","0","{'long_function': 0, 'too_many_parameters': 0, 'deep_nesting': 0, 'large_file': 0, 'god_class': 0}","96.3","0"
"https://github.com/pallets/flask.git","flask/testsuite/templating.py","777c0c56b5768582eb57607846a945f94c37e154","2013-01-25T04:13:30Z","0.0154","1","256","60","2","4","1","{'long_function': 0, 'too_many_parameters': 0, 'deep_nesting': 0, 'large_file': 0, 'god_class': 1}","80.2","1"
"https://github.com/pallets/flask.git","flask/testsuite/testing.py","777c0c56b5768582eb57607846a945f94c37e154","2013-01-25T04:13:30Z","0.0154","7","191","25","2","5","1","{'long_function': 0, 'too_many_parameters': 0, 'deep_nesting': 1, 'large_file': 0, 'god_class': 0}","71.45","0"
"https://github.com/pallets/flask.git","flask/testsuite/views.py","777c0c56b5768582eb57607846a945f94c37e154","2013-01-25T04:13:30Z","0.0154","1","129","27","11","4","0","{'long_function': 0, 'too_many_parameters': 0, 'deep_nesting': 0, 'large_file': 0, 'god_class': 0}","91.55","0"
"https://github.com/pallets/flask.git","flask/testsuite/test_apps/config_module_app.py","777c0c56b5768582eb57607846a945f94c37e154","2013-01-25T04:13:30Z","0.0154","1","4","0","0","0","0","{'long_function': 0, 'too_many_parameters': 0, 'deep_nesting': 0, 'large_file': 0, 'god_class': 0}","97.8","0"
"https://github.com/pallets/flask.git","flask/testsuite/test_apps/flask_newext_simple.py","777c0c56b5768582eb57607846a945f94c37e154","2013-01-25T04:13:30Z","0.0154","1","1","0","0","0","0","{'long_function': 0, 'too_many_parameters': 0, 'deep_nesting': 0, 'large_file': 0, 'god_class': 0}","97.95","0"
"https://github.com/pallets/flask.git","flask/testsuite/test_apps/importerror.py","777c0c56b5768582eb57607846a945f94c37e154","2013-01-25T04:13:30Z","0.0154","1","1","0","0","0","0","{'long_function': 0, 'too_many_parameters': 0, 'deep_nesting': 0, 'large_file': 0, 'god_class': 0}","97.95","0"
"https://github.com/pallets/flask.git","flask/testsuite/test_apps/main_app.py","777c0c56b5768582eb57607846a945f94c37e154","2013-01-25T04:13:30Z","0.0154","1","2","0","0","0","0","{'long_function': 0, 'too_many_parameters': 0, 'deep_nesting': 0, 'large_file': 0, 'god_class': 0}","97.9","0"
"https://github.com/pallets/flask.git","flask/testsuite/test_apps/blueprintapp/__init__.py","777c0c56b5768582eb57607846a945f94c37e154","2013-01-25T04:13:30Z","0.0154","1","6","0","0","0","0","{'long_function': 0, 'too_many_parameters': 0, 'deep_nesting': 0, 'large_file': 0, 'god_class': 0}","97.7","0"
"https://github.com/pallets/flask.git","flask/testsuite/test_apps/blueprintapp/apps/__init__.py","777c0c56b5768582eb57607846a945f94c37e154","2013-01-25T04:13:30Z","0.0154","1","0","0","0","0","0","{'long_function': 0, 'too_many_parameters': 0, 'deep_nesting': 0, 'large_file': 0, 'god_class': 0}","98.0","0"
"https://github.com/pallets/flask.git","flask/testsuite/test_apps/blueprintapp/apps/admin/__init__.py","777c0c56b5768582eb57607846a945f94c37e154","2013-01-25T04:13:30Z","0.0154","1","10","2","0","1","0","{'long_function': 0, 'too_many_parameters': 0, 'deep_nesting': 0, 'large_file': 0, 'god_class': 0}","97.5","0"
"https://github.com/pallets/flask.git","flask/testsuite/test_apps/blueprintapp/apps/frontend/__init__.py","777c0c56b5768582eb57607846a945f94c37e154","2013-01-25T04:13:30Z","0.0154","1","5","1","0","1","0","{'long_function': 0, 'too_many_parameters': 0, 'deep_nesting': 0, 'large_file': 0, 'god_class': 0}","97.75","0"
"https://github.com/pallets/flask.git","flask/testsuite/test_apps/config_package_app/__init__.py","777c0c56b5768582eb57607846a945f94c37e154","2013-01-25T04:13:30Z","0.0154","1","4","0","0","0","0","{'long_function': 0, 'too_many_parameters': 0, 'deep_nesting': 0, 'large_file': 0, 'god_class': 0}","97.8","0"
"https://github.com/pallets/flask.git","flask/testsuite/test_apps/flaskext/oldext_simple.py","777c0c56b5768582eb57607846a945f94c37e154","2013-01-25T04:13:30Z","0.0154","1","1","0","0","0","0","{'long_function': 0, 'too_many_parameters': 0, 'deep_nesting': 0, 'large_file': 0, 'god_class': 0}","97.95","0"
"https://github.com/pallets/flask.git","flask/testsuite/test_apps/flaskext/__init__.py","777c0c56b5768582eb57607846a945f94c37e154","2013-01-25T04:13:30Z","0.0154","1","0","0","0","0","0","{'long_function': 0, 'too_many_parameters': 0, 'deep_nesting': 0, 'large_file': 0, 'god_class': 0}","98.0","0"
"https://github.com/pallets/flask.git","flask/testsuite/test_apps/flaskext/oldext_package/submodule.py","777c0c56b5768582eb57607846a945f94c37e154","2013-01-25T04:13:30Z","0.0154","1","2","1","0","1","0","{'long_function': 0, 'too_many_parameters': 0, 'deep_nesting': 0, 'large_file': 0, 'god_class': 0}","97.9","0"
"https://github.com/pallets/flask.git","flask/testsuite/test_apps/flaskext/oldext_package/__init__.py","777c0c56b5768582eb57607846a945f94c37e154","2013-01-25T04:13:30Z","0.0154","1","1","0","0","0","0","{'long_function': 0, 'too_many_parameters': 0, 'deep_nesting': 0, 'large_file': 0, 'god_class': 0}","97.95","0"
"https://github.com/pallets/flask.git","flask/testsuite/test_apps/flask_broken/b.py","777c0c56b5768582eb57607846a945f94c37e154","2013-01-25T04:13:30Z","0.0154","1","0","0","0","0","0","{'long_function': 0, 'too_many_parameters': 0, 'deep_nesting': 0, 'large_file': 0, 'god_class': 0}","98.0","0"
"https://github.com/pallets/flask.git","flask/testsuite/test_apps/flask_broken/__init__.py","777c0c56b5768582eb57607846a945f94c37e154","2013-01-25T04:13:30Z","0.0154","1","2","0","0","0","0","{'long_function': 0, 'too_many_parameters': 0, 'deep_nesting': 0, 'large_file': 0, 'god_class': 0}","97.9","0"
"https://github.com/pallets/flask.git","flask/testsuite/test_apps/flask_newext_package/submodule.py","777c0c56b5768582eb57607846a945f94c37e154","2013-01-25T04:13:30Z","0.0154","1","2","1","0","1","0","{'long_function': 0, 'too_many_parameters': 0, 'deep_nesting': 0, 'large_file': 0, 'god_class': 0}","97.9","0"
"https://github.com/pallets/flask.git","flask/testsuite/test_apps/flask_newext_package/__init__.py","777c0c56b5768582eb57607846a945f94c37e154","2013-01-25T04:13:30Z","0.0154","1","1","0","0","0","0","{'long_function': 0, 'too_many_parameters': 0, 'deep_nesting': 0, 'large_file': 0, 'god_class': 0}","97.95","0"
"https://github.com/pallets/flask.git","flask/testsuite/test_apps/lib/python2.5/site-packages/site_app.py","777c0c56b5768582eb57607846a945f94c37e154","2013-01-25T04:13:30Z","0.0154","1","2","0","0","0","0","{'long_function': 0, 'too_many_parameters': 0, 'deep_nesting': 0, 'large_file': 0, 'god_class': 0}","97.9","0"
"https://github.com/pallets/flask.git","flask/testsuite/test_apps/lib/python2.5/site-packages/site_package/__init__.py","777c0c56b5768582eb57607846a945f94c37e154","2013-01-25T04:13:30Z","0.0154","1","2","0","0","0","0","{'long_function': 0, 'too_many_parameters': 0, 'deep_nesting': 0, 'large_file': 0, 'god_class': 0}","97.9","0"
"https://github.com/pallets/flask.git","flask/testsuite/test_apps/moduleapp/__init__.py","777c0c56b5768582eb57607846a945f94c37e154","2013-01-25T04:13:30Z","0.0154","1","6","0","0","0","0","{'long_function': 0, 'too_many_parameters': 0, 'deep_nesting': 0, 'large_file': 0, 'god_class': 0}","97.7","0"
"https://github.com/pallets/flask.git","flask/testsuite/test_apps/moduleapp/apps/__init__.py","777c0c56b5768582eb57607846a945f94c37e154","2013-01-25T04:13:30Z","0.0154","1","0","0","0","0","0","{'long_function': 0, 'too_many_parameters': 0, 'deep_nesting': 0, 'large_file': 0, 'god_class': 0}","98.0","0"
"https://github.com/pallets/flask.git","flask/testsuite/test_apps/moduleapp/apps/admin/__init__.py","777c0c56b5768582eb57607846a945f94c37e154","2013-01-25T04:13:30Z","0.0154","1","8","2","0","1","0","{'long_function': 0, 'too_many_parameters': 0, 'deep_nesting': 0, 'large_file': 0, 'god_class': 0}","97.6","0"
"https://github.com/pallets/flask.git","flask/testsuite/test_apps/moduleapp/apps/frontend/__init__.py","777c0c56b5768582eb57607846a945f94c37e154","2013-01-25T04:13:30Z","0.0154","1","5","1","0","1","0","{'long_function': 0, 'too_many_parameters': 0, 'deep_nesting': 0, 'large_file': 0, 'god_class': 0}","97.75","0"
"https://github.com/pallets/flask.git","flask/testsuite/test_apps/path/installed_package/__init__.py","777c0c56b5768582eb57607846a945f94c37e154","2013-01-25T04:13:30Z","0.0154","1","2","0","0","0","0","{'long_function': 0, 'too_many_parameters': 0, 'deep_nesting': 0, 'large_file': 0, 'god_class': 0}","97.9","0"
"https://github.com/pallets/flask.git","flask/testsuite/test_apps/subdomaintestmodule/__init__.py","777c0c56b5768582eb57607846a945f94c37e154","2013-01-25T04:13:30Z","0.0154","1","2","0","0","0","0","{'long_function': 0, 'too_many_parameters': 0, 'deep_nesting': 0, 'large_file': 0, 'god_class': 0}","97.9","0"
"https://github.com/pallets/flask.git","scripts/make-release.py","777c0c56b5768582eb57607846a945f94c37e154","2013-01-25T04:13:30Z","0.0154","14","106","15","0","5","1","{'long_function': 0, 'too_many_parameters': 0, 'deep_nesting': 1, 'large_file': 0, 'god_class': 0}","61.7","0"
"https://github.com/pallets/flask.git","scripts/testproj/test.py","777c0c56b5768582eb57607846a945f94c37e154","2013-01-25T04:13:30Z","0.0154","1","30","6","0","1","0","{'long_function': 0, 'too_many_parameters': 0, 'deep_nesting': 0, 'large_file': 0, 'god_class': 0}","96.5","0"
"https://github.com/pallets/flask.git","setup.py","e527c173f51d9fff61429ae2b659ad0400b3d79b","2015-03-04T17:44:56Z","0.0135","1","73","0","0","1","0","{'long_function': 0, 'too_many_parameters': 0, 'deep_nesting': 0, 'large_file': 0, 'god_class': 0}","94.35","0"
"https://github.com/pallets/flask.git","docs/flaskdocext.py","e527c173f51d9fff61429ae2b659ad0400b3d79b","2015-03-04T17:44:56Z","0.0135","3","10","2","0","2","1","{'long_function': 0, 'too_many_parameters': 1, 'deep_nesting': 0, 'large_file': 0, 'god_class': 0}","88.5","0"
"https://github.com/pallets/flask.git","docs/flaskext.py","e527c173f51d9fff61429ae2b659ad0400b3d79b","2015-03-04T17:44:56Z","0.0135","1","68","0","1","1","0","{'long_function': 0, 'too_many_parameters': 0, 'deep_nesting': 0, 'large_file': 0, 'god_class': 0}","94.6","0"
"https://github.com/pallets/flask.git","examples/blueprintexample/blueprintexample.py","e527c173f51d9fff61429ae2b659ad0400b3d79b","2015-03-04T17:44:56Z","0.0251","2","7","0","0","1","0","{'long_function': 0, 'too_many_parameters': 0, 'deep_nesting': 0, 'large_file': 0, 'god_class': 0}","95.65","0"
"https://github.com/pallets/flask.git","examples/blueprintexample/test_blueprintexample.py","e527c173f51d9fff61429ae2b659ad0400b3d79b","2015-03-04T17:44:56Z","0.0135","1","21","2","0","1","0","{'long_function': 0, 'too_many_parameters': 0, 'deep_nesting': 0, 'large_file': 0, 'god_class': 0}","96.95","0"
"https://github.com/pallets/flask.git","examples/blueprintexample/simple_page/simple_page.py","e527c173f51d9fff61429ae2b659ad0400b3d79b","2015-03-04T17:44:56Z","0.0135","2","11","1","0","2","0","{'long_function': 0, 'too_many_parameters': 0, 'deep_nesting': 0, 'large_file': 0, 'god_class': 0}","95.45","0"
"https://github.com/pallets/flask.git","examples/blueprintexample/simple_page/__init__.py","e527c173f51d9fff61429ae2b659ad0400b3d79b","2015-03-04T17:44:56Z","0.0135","1","0","0","0","0","0","{'long_function': 0, 'too_many_parameters': 0, 'deep_nesting': 0, 'large_file': 0, 'god_class': 0}","98.0","0"
"https://github.com/pallets/flask.git","examples/flaskr/flaskr.py","e527c173f51d9fff61429ae2b659ad0400b3d79b","2015-03-04T17:44:56Z","0.0251","7","83","9","0","4","0","{'long_function': 0, 'too_many_parameters': 0, 'deep_nesting': 0, 'large_file': 0, 'god_class': 0}","81.85","0"
"https://github.com/pallets/flask.git","examples/flaskr/test_flaskr.py","e527c173f51d9fff61429ae2b659ad0400b3d79b","2015-03-04T17:44:56Z","0.0135","1","58","7","0","2","0","{'long_function': 0, 'too_many_parameters': 0, 'deep_nesting': 0, 'large_file': 0, 'god_class': 0}","95.1","0"
"https://github.com/pallets/flask.git","examples/jqueryexample/jqueryexample.py","e527c173f51d9fff61429ae2b659ad0400b3d79b","2015-03-04T17:44:56Z","0.0135","1","18","2","0","1","0","{'long_function': 0, 'too_many_parameters': 0, 'deep_nesting': 0, 'large_file': 0, 'god_class': 0}","97.1","0"
"https://github.com/pallets/flask.git","examples/minitwit/minitwit.py","e527c173f51d9fff61429ae2b659ad0400b3d79b","2015-03-04T17:44:56Z","0.0251","28","208","18","0","7","3","{'long_function': 0, 'too_many_parameters': 0, 'deep_nesting': 3, 'large_file': 0, 'god_class': 0}","18.6","0"
"https://github.com/pallets/flask.git","examples/minitwit/test_minitwit.py","e527c173f51d9fff61429ae2b659ad0400b3d79b","2015-03-04T17:44:56Z","0.0135","4","117","11","0","2","0","{'long_function': 0, 'too_many_parameters': 0, 'deep_nesting': 0, 'large_file': 0, 'god_class': 0}","86.15","0"
"https://github.com/pallets/flask.git","examples/persona/persona.py","e527c173f51d9fff61429ae2b659ad0400b3d79b","2015-03-04T17:44:56Z","0.0135","4","43","4","0","3","0","{'long_function': 0, 'too_many_parameters': 0, 'deep_nesting': 0, 'large_file': 0, 'god_class': 0}","89.85","0"
"https://github.com/pallets/flask.git","flask/app.py","e527c173f51d9fff61429ae2b659ad0400b3d79b","2015-03-04T17:44:56Z","0.0191","118","1349","83","1","5","9","{'long_function': 5, 'too_many_parameters': 1, 'deep_nesting': 1, 'large_file': 1, 'god_class': 1}","0","1"
"https://github.com/pallets/flask.git","flask/blueprints.py","e527c173f51d9fff61429ae2b659ad0400b3d79b","2015-03-04T17:44:56Z","0.0191","16","337","44","2","4","2","{'long_function': 0, 'too_many_parameters': 1, 'deep_nesting': 0, 'large_file': 0, 'god_class': 1}","41.15","0"
"https://github.com/pallets/flask.git","flask/cli.py","e527c173f51d9fff61429ae2b659ad0400b3d79b","2015-03-04T17:44:56Z","0.0251","54","372","27","5","5","3","{'long_function': 0, 'too_many_parameters': 2, 'deep_nesting': 1, 'large_file': 0, 'god_class': 0}","0","0"
"https://github.com/pallets/flask.git","flask/config.py","e527c173f51d9fff61429ae2b659ad0400b3d79b","2015-03-04T17:44:56Z","0.0152","25","207","11","2","5","1","{'long_function': 0, 'too_many_parameters': 0, 'deep_nesting': 1, 'large_file': 0, 'god_class': 0}","34.65","0"
"https://github.com/pallets/flask.git","flask/ctx.py","e527c173f51d9fff61429ae2b659ad0400b3d79b","2015-03-04T17:44:56Z","0.0152","27","274","25","3","4","1","{'long_function': 0, 'too_many_parameters': 0, 'deep_nesting': 0, 'large_file': 0, 'god_class': 1}","27.3","0"
"https://github.com/pallets/flask.git","flask/debughelpers.py","e527c173f51d9fff61429ae2b659ad0400b3d79b","2015-03-04T17:44:56Z","0.0259","25","127","7","4","5","1","{'long_function': 0, 'too_many_parameters': 0, 'deep_nesting': 1, 'large_file': 0, 'god_class': 0}","38.65","0"
"https://github.com/pallets/flask.git","flask/exthook.py","e527c173f51d9fff61429ae2b659ad0400b3d79b","2015-03-04T17:44:56Z","0.0135","17","82","8","1","5","1","{'long_function': 0, 'too_many_parameters': 0, 'deep_nesting': 1, 'large_file': 0, 'god_class': 0}","56.9","0"
"https://github.com/pallets/flask.git","flask/globals.py","e527c173f51d9fff61429ae2b659ad0400b3d79b","2015-03-04T17:44:56Z","0.0832","4","44","3","0","2","0","{'long_function': 0, 'too_many_parameters': 0, 'deep_nesting': 0, 'large_file': 0, 'god_class': 0}","89.8","0"
"https://github.com/pallets/flask.git","flask/helpers.py","e527c173f51d9fff61429ae2b659ad0400b3d79b","2015-03-04T17:44:56Z","0.0314","93","663","27","2","5","12","{'long_function': 4, 'too_many_parameters': 1, 'deep_nesting': 6, 'large_file': 1, 'god_class': 0}","0","1"
"https://github.com/pallets/flask.git","flask/json.py","e527c173f51d9fff61429ae2b659ad0400b3d79b","2015-03-04T17:44:56Z","0.0135","20","193","13","2","3","1","{'long_function': 1, 'too_many_parameters': 0, 'deep_nesting': 0, 'large_file': 0, 'god_class': 0}","45.35","1"
"https://github.com/pallets/flask.git","flask/logging.py","e527c173f51d9fff61429ae2b659ad0400b3d79b","2015-03-04T17:44:56Z","0.0636","10","68","6","3","4","0","{'long_function': 0, 'too_many_parameters': 0, 'deep_nesting': 0, 'large_file': 0, 'god_class': 0}","76.6","1"
"https://github.com/pallets/flask.git","flask/sessions.py","e527c173f51d9fff61429ae2b659ad0400b3d79b","2015-03-04T17:44:56Z","0.0152","36","260","23","6","10","11","{'long_function': 0, 'too_many_parameters': 0, 'deep_nesting': 11, 'large_file': 0, 'god_class': 0}","0","0"
"https://github.com/pallets/flask.git","flask/signals.py","e527c173f51d9fff61429ae2b659ad0400b3d79b","2015-03-04T17:44:56Z","0.0327","2","43","3","2","3","0","{'long_function': 0, 'too_many_parameters': 0, 'deep_nesting': 0, 'large_file': 0, 'god_class': 0}","93.85","0"
"https://github.com/pallets/flask.git","flask/templating.py","e527c173f51d9fff61429ae2b659ad0400b3d79b","2015-03-04T17:44:56Z","0.0152","17","109","9","2","5","3","{'long_function': 0, 'too_many_parameters': 0, 'deep_nesting': 3, 'large_file': 0, 'god_class': 0}","45.55","0"
"https://github.com/pallets/flask.git","flask/testing.py","e527c173f51d9fff61429ae2b659ad0400b3d79b","2015-03-04T17:44:56Z","0.0135","14","95","5","1","4","0","{'long_function': 0, 'too_many_parameters': 0, 'deep_nesting': 0, 'large_file': 0, 'god_class': 0}","67.25","0"
"https://github.com/pallets/flask.git","flask/views.py","e527c173f51d9fff61429ae2b659ad0400b3d79b","2015-03-04T17:44:56Z","0.0135","10","98","5","3","5","1","{'long_function': 0, 'too_many_parameters': 0, 'deep_nesting': 1, 'large_file': 0, 'god_class': 0}","70.1","0"
"https://github.com/pallets/flask.git","flask/wrappers.py","e527c173f51d9fff61429ae2b659ad0400b3d79b","2015-03-04T17:44:56Z","0.0152","21","145","10","2","4","0","{'long_function': 0, 'too_many_parameters': 0, 'deep_nesting': 0, 'large_file': 0, 'god_class': 0}","50.75","1"
"https://github.com/pallets/flask.git","flask/_compat.py","e527c173f51d9fff61429ae2b659ad0400b3d79b","2015-03-04T17:44:56Z","0.104","8","64","6","2","4","0","{'long_function': 0, 'too_many_parameters': 0, 'deep_nesting': 0, 'large_file': 0, 'god_class': 0}","80.8","0"
"https://github.com/pallets/flask.git","flask/__init__.py","e527c173f51d9fff61429ae2b659ad0400b3d79b","2015-03-04T17:44:56Z","0.0135","1","31","0","0","0","0","{'long_function': 0, 'too_many_parameters': 0, 'deep_nesting': 0, 'large_file': 0, 'god_class': 0}","96.45","0"
"https://github.com/pallets/flask.git","flask/__main__.py","e527c173f51d9fff61429ae2b659ad0400b3d79b","2015-03-04T17:44:56Z","0.0135","2","10","0","0","1","0","{'long_function': 0, 'too_many_parameters': 0, 'deep_nesting': 0, 'large_file': 0, 'god_class': 0}","95.5","0"
"https://github.com/pallets/flask.git","flask/ext/__init__.py","e527c173f51d9fff61429ae2b659ad0400b3d79b","2015-03-04T17:44:56Z","0.0135","1","20","1","0","1","0","{'long_function': 0, 'too_many_parameters': 0, 'deep_nesting': 0, 'large_file': 0, 'god_class': 0}","97.0","0"
"https://github.com/pallets/flask.git","scripts/flaskext_migrate.py","e527c173f51d9fff61429ae2b659ad0400b3d79b","2015-03-04T17:44:56Z","0.0251","23","123","11","0","5","2","{'long_function': 0, 'too_many_parameters': 0, 'deep_nesting': 2, 'large_file': 0, 'god_class': 0}","37.85","0"
"https://github.com/pallets/flask.git","scripts/make-release.py","e527c173f51d9fff61429ae2b659ad0400b3d79b","2015-03-04T17:44:56Z","0.0135","14","106","15","0","5","1","{'long_function': 0, 'too_many_parameters': 0, 'deep_nesting': 1, 'large_file': 0, 'god_class': 0}","61.7","0"
"https://github.com/pallets/flask.git","scripts/test_import_migration.py","e527c173f51d9fff61429ae2b659ad0400b3d79b","2015-03-04T17:44:56Z","0.0135","1","52","11","0","1","0","{'long_function': 0, 'too_many_parameters': 0, 'deep_nesting': 0, 'large_file': 0, 'god_class': 0}","95.4","0"
"https://github.com/pallets/flask.git","tests/conftest.py","e527c173f51d9fff61429ae2b659ad0400b3d79b","2015-03-04T17:44:56Z","0.0135","5","104","15","1","4","0","{'long_function': 0, 'too_many_parameters': 0, 'deep_nesting': 0, 'large_file': 0, 'god_class': 0}","84.8","0"
"https://github.com/pallets/flask.git","tests/test_appctx.py","e527c173f51d9fff61429ae2b659ad0400b3d79b","2015-03-04T17:44:56Z","0.0135","2","89","16","1","4","0","{'long_function': 0, 'too_many_parameters': 0, 'deep_nesting': 0, 'large_file': 0, 'god_class': 0}","91.55","0"
"https://github.com/pallets/flask.git","tests/test_basic.py","e527c173f51d9fff61429ae2b659ad0400b3d79b","2015-03-04T17:44:56Z","0","21","1219","199","5","4","4","{'long_function': 3, 'too_many_parameters': 0, 'deep_nesting': 0, 'large_file': 1, 'god_class': 0}","0","1"
"https://github.com/pallets/flask.git","tests/test_blueprints.py","e527c173f51d9fff61429ae2b659ad0400b3d79b","2015-03-04T17:44:56Z","0.0135","6","475","90","3","4","1","{'long_function': 1, 'too_many_parameters': 0, 'deep_nesting': 0, 'large_file': 0, 'god_class': 0}","59.25","0"
"https://github.com/pallets/flask.git","tests/test_config.py","e527c173f51d9fff61429ae2b659ad0400b3d79b","2015-03-04T17:44:56Z","0.0135","5","153","13","4","3","0","{'long_function': 0, 'too_many_parameters': 0, 'deep_nesting': 0, 'large_file': 0, 'god_class': 0}","82.35","0"
"https://github.com/pallets/flask.git","tests/test_deprecations.py","e527c173f51d9fff61429ae2b659ad0400b3d79b","2015-03-04T17:44:56Z","0.0135","1","35","4","1","3","0","{'long_function': 0, 'too_many_parameters': 0, 'deep_nesting': 0, 'large_file': 0, 'god_class': 0}","96.25","0"
"https://github.com/pallets/flask.git","tests/test_ext.py","e527c173f51d9fff61429ae2b659ad0400b3d79b","2015-03-04T17:44:56Z","0.0135","15","128","21","0","3","0","{'long_function': 0, 'too_many_parameters': 0, 'deep_nesting': 0, 'large_file': 0, 'god_class': 0}","63.6","0"
"https://github.com/pallets/flask.git","tests/test_helpers.py","e527c173f51d9fff61429ae2b659ad0400b3d79b","2015-03-04T17:44:56Z","0","15","570","69","13","6","11","{'long_function': 2, 'too_many_parameters': 0, 'deep_nesting': 7, 'large_file': 1, 'god_class': 1}","0","1"
"https://github.com/pallets/flask.git","tests/test_instance_config.py","e527c173f51d9fff61429ae2b659ad0400b3d79b","2015-03-04T17:44:56Z","0.0135","2","102","10","1","3","0","{'long_function': 0, 'too_many_parameters': 0, 'deep_nesting': 0, 'large_file': 0, 'god_class': 0}","90.9","0"
"https://github.com/pallets/flask.git","tests/test_regression.py","e527c173f51d9fff61429ae2b659ad0400b3d79b","2015-03-04T17:44:56Z","0.0135","6","72","10","2","4","0","{'long_function': 0, 'too_many_parameters': 0, 'deep_nesting': 0, 'large_file': 0, 'god_class': 0}","84.4","0"
"https://github.com/pallets/flask.git","tests/test_reqctx.py","e527c173f51d9fff61429ae2b659ad0400b3d79b","2015-03-04T17:44:56Z","0.0135","5","151","19","0","4","0","{'long_function': 0, 'too_many_parameters': 0, 'deep_nesting': 0, 'large_file': 0, 'god_class': 0}","82.45","0"
"https://github.com/pallets/flask.git","tests/test_signals.py","e527c173f51d9fff61429ae2b659ad0400b3d79b","2015-03-04T17:44:56Z","0.0135","2","138","22","0","3","0","{'long_function': 0, 'too_many_parameters': 0, 'deep_nesting': 0, 'large_file': 0, 'god_class': 0}","89.1","0"
"https://github.com/pallets/flask.git","tests/test_subclassing.py","e527c173f51d9fff61429ae2b659ad0400b3d79b","2015-03-04T17:44:56Z","0.0135","1","27","3","1","3","0","{'long_function': 0, 'too_many_parameters': 0, 'deep_nesting': 0, 'large_file': 0, 'god_class': 0}","96.65","0"
"https://github.com/pallets/flask.git","tests/test_templating.py","e527c173f51d9fff61429ae2b659ad0400b3d79b","2015-03-04T17:44:56Z","0.0135","1","316","64","2","4","0","{'long_function': 0, 'too_many_parameters': 0, 'deep_nesting': 0, 'large_file': 0, 'god_class': 0}","82.2","0"
"https://github.com/pallets/flask.git","tests/test_testing.py","e527c173f51d9fff61429ae2b659ad0400b3d79b","2015-03-04T17:44:56Z","0.0135","6","194","24","0","4","0","{'long_function': 0, 'too_many_parameters': 0, 'deep_nesting': 0, 'large_file': 0, 'god_class': 0}","78.3","0"
"https://github.com/pallets/flask.git","tests/test_views.py","e527c173f51d9fff61429ae2b659ad0400b3d79b","2015-03-04T17:44:56Z","0.0135","1","122","26","10","3","0","{'long_function': 0, 'too_many_parameters': 0, 'deep_nesting': 0, 'large_file': 0, 'god_class': 0}","91.9","0"
"https://github.com/pallets/flask.git","tests/test_apps/blueprintapp/__init__.py","e527c173f51d9fff61429ae2b659ad0400b3d79b","2015-03-04T17:44:56Z","0.0135","1","7","0","0","0","0","{'long_function': 0, 'too_many_parameters': 0, 'deep_nesting': 0, 'large_file': 0, 'god_class': 0}","97.65","0"
"https://github.com/pallets/flask.git","tests/test_apps/blueprintapp/apps/__init__.py","e527c173f51d9fff61429ae2b659ad0400b3d79b","2015-03-04T17:44:56Z","0.0135","1","0","0","0","0","0","{'long_function': 0, 'too_many_parameters': 0, 'deep_nesting': 0, 'large_file': 0, 'god_class': 0}","98.0","0"
"https://github.com/pallets/flask.git","tests/test_apps/blueprintapp/apps/admin/__init__.py","e527c173f51d9fff61429ae2b659ad0400b3d79b","2015-03-04T17:44:56Z","0.0135","1","10","2","0","1","0","{'long_function': 0, 'too_many_parameters': 0, 'deep_nesting': 0, 'large_file': 0, 'god_class': 0}","97.5","0"
"https://github.com/pallets/flask.git","tests/test_apps/blueprintapp/apps/frontend/__init__.py","e527c173f51d9fff61429ae2b659ad0400b3d79b","2015-03-04T17:44:56Z","0.0135","1","8","2","0","1","0","{'long_function': 0, 'too_many_parameters': 0, 'deep_nesting': 0, 'large_file': 0, 'god_class': 0}","97.6","0"
"https://github.com/pallets/flask.git","tests/test_apps/subdomaintestmodule/__init__.py","e527c173f51d9fff61429ae2b659ad0400b3d79b","2015-03-04T17:44:56Z","0.0135","1","2","0","0","0","0","{'long_function': 0, 'too_many_parameters': 0, 'deep_nesting': 0, 'large_file': 0, 'god_class': 0}","97.9","0"
"https://github.com/pallets/flask.git","setup.py","ab8d60d826f2e07f70973c754134fd9508232b8a","2019-06-01T15:10:33Z","0.0043","1","74","0","0","1","0","{'long_function': 0, 'too_many_parameters': 0, 'deep_nesting': 0, 'large_file': 0, 'god_class': 0}","94.3","0"
"https://github.com/pallets/flask.git","docs/conf.py","ab8d60d826f2e07f70973c754134fd9508232b8a","2019-06-01T15:10:33Z","0.0043","5","83","2","0","2","1","{'long_function': 0, 'too_many_parameters': 1, 'deep_nesting': 0, 'large_file': 0, 'god_class': 0}","80.85","0"
"https://github.com/pallets/flask.git","examples/javascript/setup.py","ab8d60d826f2e07f70973c754134fd9508232b8a","2019-06-01T15:10:33Z","0.0043","1","19","0","0","1","0","{'long_function': 0, 'too_many_parameters': 0, 'deep_nesting': 0, 'large_file': 0, 'god_class': 0}","97.05","0"
"https://github.com/pallets/flask.git","examples/javascript/js_example/views.py","ab8d60d826f2e07f70973c754134fd9508232b8a","2019-06-01T15:10:33Z","0.0043","1","11","2","0","1","0","{'long_function': 0, 'too_many_parameters': 0, 'deep_nesting': 0, 'large_file': 0, 'god_class': 0}","97.45","0"
"https://github.com/pallets/flask.git","examples/javascript/js_example/__init__.py","ab8d60d826f2e07f70973c754134fd9508232b8a","2019-06-01T15:10:33Z","0.0043","1","3","0","0","0","0","{'long_function': 0, 'too_many_parameters': 0, 'deep_nesting': 0, 'large_file': 0, 'god_class': 0}","97.85","0"
"https://github.com/pallets/flask.git","examples/javascript/tests/conftest.py","ab8d60d826f2e07f70973c754134fd9508232b8a","2019-06-01T15:10:33Z","0.0043","1","10","2","0","1","0","{'long_function': 0, 'too_many_parameters': 0, 'deep_nesting': 0, 'large_file': 0, 'god_class': 0}","97.5","0"
"https://github.com/pallets/flask.git","examples/javascript/tests/test_js_example.py","ab8d60d826f2e07f70973c754134fd9508232b8a","2019-06-01T15:10:33Z","0.0043","1","22","3","0","2","0","{'long_function': 0, 'too_many_parameters': 0, 'deep_nesting': 0, 'large_file': 0, 'god_class': 0}","96.9","0"
"https://github.com/pallets/flask.git","examples/tutorial/setup.py","ab8d60d826f2e07f70973c754134fd9508232b8a","2019-06-01T15:10:33Z","0.0043","1","19","0","0","1","0","{'long_function': 0, 'too_many_parameters': 0, 'deep_nesting': 0, 'large_file': 0, 'god_class': 0}","97.05","0"
"https://github.com/pallets/flask.git","examples/tutorial/flaskr/auth.py","ab8d60d826f2e07f70973c754134fd9508232b8a","2019-06-01T15:10:33Z","0.0043","12","88","6","0","5","1","{'long_function': 0, 'too_many_parameters': 0, 'deep_nesting': 1, 'large_file': 0, 'god_class': 0}","66.6","0"
"https://github.com/pallets/flask.git","examples/tutorial/flaskr/blog.py","ab8d60d826f2e07f70973c754134fd9508232b8a","2019-06-01T15:10:33Z","0.0043","10","94","5","0","3","0","{'long_function': 0, 'too_many_parameters': 0, 'deep_nesting': 0, 'large_file': 0, 'god_class': 0}","75.3","1"
"https://github.com/pallets/flask.git","examples/tutorial/flaskr/db.py","ab8d60d826f2e07f70973c754134fd9508232b8a","2019-06-01T15:10:33Z","0.0043","3","39","5","0","2","0","{'long_function': 0, 'too_many_parameters': 0, 'deep_nesting': 0, 'large_file': 0, 'god_class': 0}","92.05","0"
"https://github.com/pallets/flask.git","examples/tutorial/flaskr/__init__.py","ab8d60d826f2e07f70973c754134fd9508232b8a","2019-06-01T15:10:33Z","0.0043","3","27","2","0","2","0","{'long_function': 0, 'too_many_parameters': 0, 'deep_nesting': 0, 'large_file': 0, 'god_class': 0}","92.65","0"
"https://github.com/pallets/flask.git","examples/tutorial/tests/conftest.py","ab8d60d826f2e07f70973c754134fd9508232b8a","2019-06-01T15:10:33Z","0.0043","1","38","7","1","2","0","{'long_function': 0, 'too_many_parameters': 0, 'deep_nesting': 0, 'large_file': 0, 'god_class': 0}","96.1","0"
"https://github.com/pallets/flask.git","examples/tutorial/tests/test_auth.py","ab8d60d826f2e07f70973c754134fd9508232b8a","2019-06-01T15:10:33Z","0.0043","1","45","5","0","2","0","{'long_function': 0, 'too_many_parameters': 0, 'deep_nesting': 0, 'large_file': 0, 'god_class': 0}","95.75","0"
"https://github.com/pallets/flask.git","examples/tutorial/tests/test_blog.py","ab8d60d826f2e07f70973c754134fd9508232b8a","2019-06-01T15:10:33Z","0.0043","1","58","8","0","2","0","{'long_function': 0, 'too_many_parameters': 0, 'deep_nesting': 0, 'large_file': 0, 'god_class': 0}","95.1","0"
"https://github.com/pallets/flask.git","examples/tutorial/tests/test_db.py","ab8d60d826f2e07f70973c754134fd9508232b8a","2019-06-01T15:10:33Z","0.0043","1","19","3","1","2","0","{'long_function': 0, 'too_many_parameters': 0, 'deep_nesting': 0, 'large_file': 0, 'god_class': 0}","97.05","0"
"https://github.com/pallets/flask.git","examples/tutorial/tests/test_factory.py","ab8d60d826f2e07f70973c754134fd9508232b8a","2019-06-01T15:10:33Z","0.0043","1","8","2","0","1","0","{'long_function': 0, 'too_many_parameters': 0, 'deep_nesting': 0, 'large_file': 0, 'god_class': 0}","97.6","0"
"https://github.com/pallets/flask.git","scripts/make-release.py","ab8d60d826f2e07f70973c754134fd9508232b8a","2019-06-01T15:10:33Z","0.0043","16","109","14","0","5","1","{'long_function': 0, 'too_many_parameters': 0, 'deep_nesting': 1, 'large_file': 0, 'god_class': 0}","57.55","0"
"https://github.com/pallets/flask.git","src/flask/app.py","ab8d60d826f2e07f70973c754134fd9508232b8a","2019-06-01T15:10:33Z","0.0059","137","1685","85","1","7","20","{'long_function': 6, 'too_many_parameters': 3, 'deep_nesting': 9, 'large_file': 1, 'god_class': 1}","0","1"
"https://github.com/pallets/flask.git","src/flask/blueprints.py","ab8d60d826f2e07f70973c754134fd9508232b8a","2019-06-01T15:10:33Z","0.0059","22","405","44","2","4","2","{'long_function': 0, 'too_many_parameters': 1, 'deep_nesting': 0, 'large_file': 0, 'god_class': 1}","25.75","0"
"https://github.com/pallets/flask.git","src/flask/cli.py","ab8d60d826f2e07f70973c754134fd9508232b8a","2019-06-01T15:10:33Z","0.0105","120","722","36","7","6","13","{'long_function': 2, 'too_many_parameters': 2, 'deep_nesting': 8, 'large_file': 1, 'god_class': 0}","0","1"
"https://github.com/pallets/flask.git","src/flask/config.py","ab8d60d826f2e07f70973c754134fd9508232b8a","2019-06-01T15:10:33Z","0.0043","25","215","11","2","5","1","{'long_function': 0, 'too_many_parameters': 0, 'deep_nesting': 1, 'large_file': 0, 'god_class': 0}","34.25","0"
"https://github.com/pallets/flask.git","src/flask/ctx.py","ab8d60d826f2e07f70973c754134fd9508232b8a","2019-06-01T15:10:33Z","0.0043","31","329","27","3","5","5","{'long_function': 0, 'too_many_parameters': 0, 'deep_nesting': 4, 'large_file': 0, 'god_class': 1}","0","1"
"https://github.com/pallets/flask.git","src/flask/debughelpers.py","ab8d60d826f2e07f70973c754134fd9508232b8a","2019-06-01T15:10:33Z","0.0074","26","149","8","4","5","1","{'long_function': 0, 'too_many_parameters': 0, 'deep_nesting': 1, 'large_file': 0, 'god_class': 0}","35.55","0"
"https://github.com/pallets/flask.git","src/flask/globals.py","ab8d60d826f2e07f70973c754134fd9508232b8a","2019-06-01T15:10:33Z","0.0222","4","44","3","0","2","0","{'long_function': 0, 'too_many_parameters': 0, 'deep_nesting': 0, 'large_file': 0, 'god_class': 0}","89.8","0"
"https://github.com/pallets/flask.git","src/flask/helpers.py","ab8d60d826f2e07f70973c754134fd9508232b8a","2019-06-01T15:10:33Z","0.0116","102","821","32","2","5","10","{'long_function': 4, 'too_many_parameters': 1, 'deep_nesting': 4, 'large_file': 1, 'god_class': 0}","0","1"
"https://github.com/pallets/flask.git","src/flask/logging.py","ab8d60d826f2e07f70973c754134fd9508232b8a","2019-06-01T15:10:33Z","0.0171","9","52","3","0","3","0","{'long_function': 0, 'too_many_parameters': 0, 'deep_nesting': 0, 'large_file': 0, 'god_class': 0}","79.4","1"
"https://github.com/pallets/flask.git","src/flask/sessions.py","ab8d60d826f2e07f70973c754134fd9508232b8a","2019-06-01T15:10:33Z","0.0043","20","261","22","5","4","2","{'long_function': 1, 'too_many_parameters': 0, 'deep_nesting': 0, 'large_file': 0, 'god_class': 1}","36.95","0"
"https://github.com/pallets/flask.git","src/flask/signals.py","ab8d60d826f2e07f70973c754134fd9508232b8a","2019-06-01T15:10:33Z","0.0092","2","47","4","2","3","0","{'long_function': 0, 'too_many_parameters': 0, 'deep_nesting': 0, 'large_file': 0, 'god_class': 0}","93.65","0"
"https://github.com/pallets/flask.git","src/flask/templating.py","ab8d60d826f2e07f70973c754134fd9508232b8a","2019-06-01T15:10:33Z","0.0043","18","118","11","2","5","2","{'long_function': 0, 'too_many_parameters': 0, 'deep_nesting': 2, 'large_file': 0, 'god_class': 0}","48.1","0"
"https://github.com/pallets/flask.git","src/flask/testing.py","ab8d60d826f2e07f70973c754134fd9508232b8a","2019-06-01T15:10:33Z","0.0043","26","222","10","3","4","2","{'long_function': 1, 'too_many_parameters': 1, 'deep_nesting': 0, 'large_file': 0, 'god_class': 0}","26.9","1"
"https://github.com/pallets/flask.git","src/flask/views.py","ab8d60d826f2e07f70973c754134fd9508232b8a","2019-06-01T15:10:33Z","0.0043","11","103","5","3","5","2","{'long_function': 0, 'too_many_parameters': 0, 'deep_nesting': 2, 'large_file': 0, 'god_class': 0}","62.85","0"
"https://github.com/pallets/flask.git","src/flask/wrappers.py","ab8d60d826f2e07f70973c754134fd9508232b8a","2019-06-01T15:10:33Z","0.0043","12","85","7","3","3","0","{'long_function': 0, 'too_many_parameters': 0, 'deep_nesting': 0, 'large_file': 0, 'god_class': 0}","71.75","0"
"https://github.com/pallets/flask.git","src/flask/_compat.py","ab8d60d826f2e07f70973c754134fd9508232b8a","2019-06-01T15:10:33Z","0.0173","11","73","7","2","4","0","{'long_function': 0, 'too_many_parameters': 0, 'deep_nesting': 0, 'large_file': 0, 'god_class': 0}","74.35","0"
"https://github.com/pallets/flask.git","src/flask/__init__.py","ab8d60d826f2e07f70973c754134fd9508232b8a","2019-06-01T15:10:33Z","0.0043","1","56","0","0","0","0","{'long_function': 0, 'too_many_parameters': 0, 'deep_nesting': 0, 'large_file': 0, 'god_class': 0}","95.2","0"
"https://github.com/pallets/flask.git","src/flask/__main__.py","ab8d60d826f2e07f70973c754134fd9508232b8a","2019-06-01T15:10:33Z","0.0043","2","10","0","0","1","0","{'long_function': 0, 'too_many_parameters': 0, 'deep_nesting': 0, 'large_file': 0, 'god_class': 0}","95.5","0"
"https://github.com/pallets/flask.git","src/flask/json/tag.py","ab8d60d826f2e07f70973c754134fd9508232b8a","2019-06-01T15:10:33Z","0.0043","15","211","33","10","4","0","{'long_function': 0, 'too_many_parameters': 0, 'deep_nesting': 0, 'large_file': 0, 'god_class': 0}","59.45","0"
"https://github.com/pallets/flask.git","src/flask/json/__init__.py","ab8d60d826f2e07f70973c754134fd9508232b8a","2019-06-01T15:10:33Z","0.0043","46","285","14","2","3","1","{'long_function': 1, 'too_many_parameters': 0, 'deep_nesting': 0, 'large_file': 0, 'god_class': 0}","0","0"
"https://github.com/pallets/flask.git","tests/conftest.py","ab8d60d826f2e07f70973c754134fd9508232b8a","2019-06-01T15:10:33Z","0.0043","8","156","20","2","4","0","{'long_function': 0, 'too_many_parameters': 0, 'deep_nesting': 0, 'large_file': 0, 'god_class': 0}","76.2","0"
"https://github.com/pallets/flask.git","tests/test_appctx.py","ab8d60d826f2e07f70973c754134fd9508232b8a","2019-06-01T15:10:33Z","0.0043","4","152","29","1","4","0","{'long_function': 0, 'too_many_parameters': 0, 'deep_nesting': 0, 'large_file': 0, 'god_class': 0}","84.4","0"
"https://github.com/pallets/flask.git","tests/test_basic.py","ab8d60d826f2e07f70973c754134fd9508232b8a","2019-06-01T15:10:33Z","0","22","1453","261","8","4","7","{'long_function': 4, 'too_many_parameters': 2, 'deep_nesting': 0, 'large_file': 1, 'god_class': 0}","0","1"
"https://github.com/pallets/flask.git","tests/test_blueprints.py","ab8d60d826f2e07f70973c754134fd9508232b8a","2019-06-01T15:10:33Z","0.0043","5","595","121","3","4","2","{'long_function': 1, 'too_many_parameters': 0, 'deep_nesting': 0, 'large_file': 1, 'god_class': 0}","50.25","0"
"https://github.com/pallets/flask.git","tests/test_cli.py","ab8d60d826f2e07f70973c754134fd9508232b8a","2019-06-01T15:10:33Z","0.0043","6","473","63","15","4","1","{'long_function': 1, 'too_many_parameters': 0, 'deep_nesting': 0, 'large_file': 0, 'god_class': 0}","59.35","0"
"https://github.com/pallets/flask.git","tests/test_config.py","ab8d60d826f2e07f70973c754134fd9508232b8a","2019-06-01T15:10:33Z","0.0043","2","156","15","4","2","0","{'long_function': 0, 'too_many_parameters': 0, 'deep_nesting': 0, 'large_file': 0, 'god_class': 0}","88.2","1"
"https://github.com/pallets/flask.git","tests/test_helpers.py","ab8d60d826f2e07f70973c754134fd9508232b8a","2019-06-01T15:10:33Z","0","19","839","102","20","5","11","{'long_function': 3, 'too_many_parameters': 0, 'deep_nesting': 5, 'large_file': 1, 'god_class': 2}","0","0"
"https://github.com/pallets/flask.git","tests/test_instance_config.py","ab8d60d826f2e07f70973c754134fd9508232b8a","2019-06-01T15:10:33Z","0.0043","2","103","10","1","3","0","{'long_function': 0, 'too_many_parameters': 0, 'deep_nesting': 0, 'large_file': 0, 'god_class': 0}","90.85","1"
"https://github.com/pallets/flask.git","tests/test_json_tag.py","ab8d60d826f2e07f70973c754134fd9508232b8a","2019-06-01T15:10:33Z","0.0043","1","68","9","5","3","0","{'long_function': 0, 'too_many_parameters': 0, 'deep_nesting': 0, 'large_file': 0, 'god_class': 0}","94.6","0"
"https://github.com/pallets/flask.git","tests/test_logging.py","ab8d60d826f2e07f70973c754134fd9508232b8a","2019-06-01T15:10:33Z","0.0043","2","73","9","0","2","0","{'long_function': 0, 'too_many_parameters': 0, 'deep_nesting': 0, 'large_file': 0, 'god_class': 0}","92.35","0"
"https://github.com/pallets/flask.git","tests/test_regression.py","ab8d60d826f2e07f70973c754134fd9508232b8a","2019-06-01T15:10:33Z","0.0043","5","65","10","2","4","0","{'long_function': 0, 'too_many_parameters': 0, 'deep_nesting': 0, 'large_file': 0, 'god_class': 0}","86.75","0"
"https://github.com/pallets/flask.git","tests/test_reqctx.py","ab8d60d826f2e07f70973c754134fd9508232b8a","2019-06-01T15:10:33Z","0","5","205","29","4","5","1","{'long_function': 0, 'too_many_parameters': 0, 'deep_nesting': 1, 'large_file': 0, 'god_class': 0}","74.75","0"
"https://github.com/pallets/flask.git","tests/test_signals.py","ab8d60d826f2e07f70973c754134fd9508232b8a","2019-06-01T15:10:33Z","0.0043","2","158","25","0","3","0","{'long_function': 0, 'too_many_parameters': 0, 'deep_nesting': 0, 'large_file': 0, 'god_class': 0}","88.1","0"
"https://github.com/pallets/flask.git","tests/test_subclassing.py","ab8d60d826f2e07f70973c754134fd9508232b8a","2019-06-01T15:10:33Z","0.0043","1","23","3","1","3","0","{'long_function': 0, 'too_many_parameters': 0, 'deep_nesting': 0, 'large_file': 0, 'god_class': 0}","96.85","0"
"https://github.com/pallets/flask.git","tests/test_templating.py","ab8d60d826f2e07f70973c754134fd9508232b8a","2019-06-01T15:10:33Z","0.0043","1","321","69","4","3","0","{'long_function': 0, 'too_many_parameters': 0, 'deep_nesting': 0, 'large_file': 0, 'god_class': 0}","81.95","1"
"https://github.com/pallets/flask.git","tests/test_testing.py","ab8d60d826f2e07f70973c754134fd9508232b8a","2019-06-01T15:10:33Z","0.0043","5","316","50","3","4","0","{'long_function': 0, 'too_many_parameters': 0, 'deep_nesting': 0, 'large_file': 0, 'god_class': 0}","74.2","0"
"https://github.com/pallets/flask.git","tests/test_user_error_handler.py","ab8d60d826f2e07f70973c754134fd9508232b8a","2019-06-01T15:10:33Z","0.0043","1","139","31","6","2","1","{'long_function': 1, 'too_many_parameters': 0, 'deep_nesting': 0, 'large_file': 0, 'god_class': 0}","86.05","0"
"https://github.com/pallets/flask.git","tests/test_views.py","ab8d60d826f2e07f70973c754134fd9508232b8a","2019-06-01T15:10:33Z","0.0043","1","174","39","21","3","0","{'long_function': 0, 'too_many_parameters': 0, 'deep_nesting': 0, 'large_file': 0, 'god_class': 0}","89.3","0"
"https://github.com/pallets/flask.git","tests/test_apps/blueprintapp/__init__.py","ab8d60d826f2e07f70973c754134fd9508232b8a","2019-06-01T15:10:33Z","0.0043","1","7","0","0","0","0","{'long_function': 0, 'too_many_parameters': 0, 'deep_nesting': 0, 'large_file': 0, 'god_class': 0}","97.65","0"
"https://github.com/pallets/flask.git","tests/test_apps/blueprintapp/apps/__init__.py","ab8d60d826f2e07f70973c754134fd9508232b8a","2019-06-01T15:10:33Z","0.0043","1","0","0","0","0","0","{'long_function': 0, 'too_many_parameters': 0, 'deep_nesting': 0, 'large_file': 0, 'god_class': 0}","98.0","0"
"https://github.com/pallets/flask.git","tests/test_apps/blueprintapp/apps/admin/__init__.py","ab8d60d826f2e07f70973c754134fd9508232b8a","2019-06-01T15:10:33Z","0.0043","1","14","2","0","1","0","{'long_function': 0, 'too_many_parameters': 0, 'deep_nesting': 0, 'large_file': 0, 'god_class': 0}","97.3","0"
"https://github.com/pallets/flask.git","tests/test_apps/blueprintapp/apps/frontend/__init__.py","ab8d60d826f2e07f70973c754134fd9508232b8a","2019-06-01T15:10:33Z","0.0043","1","8","2","0","1","0","{'long_function': 0, 'too_many_parameters': 0, 'deep_nesting': 0, 'large_file': 0, 'god_class': 0}","97.6","0"
"https://github.com/pallets/flask.git","tests/test_apps/cliapp/app.py","ab8d60d826f2e07f70973c754134fd9508232b8a","2019-06-01T15:10:33Z","0.0059","1","3","0","0","0","0","{'long_function': 0, 'too_many_parameters': 0, 'deep_nesting': 0, 'large_file': 0, 'god_class': 0}","97.85","0"
"https://github.com/pallets/flask.git","tests/test_apps/cliapp/factory.py","ab8d60d826f2e07f70973c754134fd9508232b8a","2019-06-01T15:10:33Z","0.0043","1","10","4","0","1","0","{'long_function': 0, 'too_many_parameters': 0, 'deep_nesting': 0, 'large_file': 0, 'god_class': 0}","97.5","0"
"https://github.com/pallets/flask.git","tests/test_apps/cliapp/importerrorapp.py","ab8d60d826f2e07f70973c754134fd9508232b8a","2019-06-01T15:10:33Z","0.0043","1","4","0","0","0","0","{'long_function': 0, 'too_many_parameters': 0, 'deep_nesting': 0, 'large_file': 0, 'god_class': 0}","97.8","0"
"https://github.com/pallets/flask.git","tests/test_apps/cliapp/multiapp.py","ab8d60d826f2e07f70973c754134fd9508232b8a","2019-06-01T15:10:33Z","0.0043","1","4","0","0","0","0","{'long_function': 0, 'too_many_parameters': 0, 'deep_nesting': 0, 'large_file': 0, 'god_class': 0}","97.8","0"
"https://github.com/pallets/flask.git","tests/test_apps/cliapp/__init__.py","ab8d60d826f2e07f70973c754134fd9508232b8a","2019-06-01T15:10:33Z","0.0043","1","0","0","0","0","0","{'long_function': 0, 'too_many_parameters': 0, 'deep_nesting': 0, 'large_file': 0, 'god_class': 0}","98.0","0"
"https://github.com/pallets/flask.git","tests/test_apps/cliapp/inner1/__init__.py","ab8d60d826f2e07f70973c754134fd9508232b8a","2019-06-01T15:10:33Z","0.0043","1","2","0","0","0","0","{'long_function': 0, 'too_many_parameters': 0, 'deep_nesting': 0, 'large_file': 0, 'god_class': 0}","97.9","0"
"https://github.com/pallets/flask.git","tests/test_apps/cliapp/inner1/inner2/flask.py","ab8d60d826f2e07f70973c754134fd9508232b8a","2019-06-01T15:10:33Z","0.7116","1","2","0","0","0","0","{'long_function': 0, 'too_many_parameters': 0, 'deep_nesting': 0, 'large_file': 0, 'god_class': 0}","97.9","0"
"https://github.com/pallets/flask.git","tests/test_apps/cliapp/inner1/inner2/__init__.py","ab8d60d826f2e07f70973c754134fd9508232b8a","2019-06-01T15:10:33Z","0.0043","1","0","0","0","0","0","{'long_function': 0, 'too_many_parameters': 0, 'deep_nesting': 0, 'large_file': 0, 'god_class': 0}","98.0","0"
"https://github.com/pallets/flask.git","tests/test_apps/helloworld/hello.py","ab8d60d826f2e07f70973c754134fd9508232b8a","2019-06-01T15:10:33Z","0.008","1","5","1","0","1","0","{'long_function': 0, 'too_many_parameters': 0, 'deep_nesting': 0, 'large_file': 0, 'god_class': 0}","97.75","0"
"https://github.com/pallets/flask.git","tests/test_apps/helloworld/wsgi.py","ab8d60d826f2e07f70973c754134fd9508232b8a","2019-06-01T15:10:33Z","0.0043","1","1","0","0","0","0","{'long_function': 0, 'too_many_parameters': 0, 'deep_nesting': 0, 'large_file': 0, 'god_class': 0}","97.95","0"
"https://github.com/pallets/flask.git","tests/test_apps/subdomaintestmodule/__init__.py","ab8d60d826f2e07f70973c754134fd9508232b8a","2019-06-01T15:10:33Z","0.0043","1","2","0","0","0","0","{'long_function': 0, 'too_many_parameters': 0, 'deep_nesting': 0, 'large_file': 0, 'god_class': 0}","97.9","0"
"https://github.com/pallets/flask.git","setup.py","41aaaf7fa07f28ef15fd1d343142e96440889a8b","2022-03-25T19:24:31Z","0.0031","1","15","0","0","0","0","{'long_function': 0, 'too_many_parameters': 0, 'deep_nesting': 0, 'large_file': 0, 'god_class': 0}","97.25","0"
"https://github.com/pallets/flask.git","docs/conf.py","41aaaf7fa07f28ef15fd1d343142e96440889a8b","2022-03-25T19:24:31Z","0.0031","5","75","2","0","2","1","{'long_function': 0, 'too_many_parameters': 1, 'deep_nesting': 0, 'large_file': 0, 'god_class': 0}","81.25","0"
"https://github.com/pallets/flask.git","examples/javascript/setup.py","41aaaf7fa07f28ef15fd1d343142e96440889a8b","2022-03-25T19:24:31Z","0.0031","1","2","0","0","0","0","{'long_function': 0, 'too_many_parameters': 0, 'deep_nesting': 0, 'large_file': 0, 'god_class': 0}","97.9","0"
"https://github.com/pallets/flask.git","examples/javascript/js_example/views.py","41aaaf7fa07f28ef15fd1d343142e96440889a8b","2022-03-25T19:24:31Z","0.0031","1","13","2","0","1","0","{'long_function': 0, 'too_many_parameters': 0, 'deep_nesting': 0, 'large_file': 0, 'god_class': 0}","97.35","0"
"https://github.com/pallets/flask.git","examples/javascript/js_example/__init__.py","41aaaf7fa07f28ef15fd1d343142e96440889a8b","2022-03-25T19:24:31Z","0.0031","1","3","0","0","0","0","{'long_function': 0, 'too_many_parameters': 0, 'deep_nesting': 0, 'large_file': 0, 'god_class': 0}","97.85","0"
"https://github.com/pallets/flask.git","examples/javascript/tests/conftest.py","41aaaf7fa07f28ef15fd1d343142e96440889a8b","2022-03-25T19:24:31Z","0.0031","1","10","2","0","1","0","{'long_function': 0, 'too_many_parameters': 0, 'deep_nesting': 0, 'large_file': 0, 'god_class': 0}","97.5","0"
"https://github.com/pallets/flask.git","examples/javascript/tests/test_js_example.py","41aaaf7fa07f28ef15fd1d343142e96440889a8b","2022-03-25T19:24:31Z","0.0031","1","22","3","0","2","0","{'long_function': 0, 'too_many_parameters': 0, 'deep_nesting': 0, 'large_file': 0, 'god_class': 0}","96.9","0"
"https://github.com/pallets/flask.git","examples/tutorial/setup.py","41aaaf7fa07f28ef15fd1d343142e96440889a8b","2022-03-25T19:24:31Z","0.0031","1","2","0","0","0","0","{'long_function': 0, 'too_many_parameters': 0, 'deep_nesting': 0, 'large_file': 0, 'god_class': 0}","97.9","0"
"https://github.com/pallets/flask.git","examples/tutorial/flaskr/auth.py","41aaaf7fa07f28ef15fd1d343142e96440889a8b","2022-03-25T19:24:31Z","0.0031","12","86","6","0","4","0","{'long_function': 0, 'too_many_parameters': 0, 'deep_nesting': 0, 'large_file': 0, 'god_class': 0}","71.7","0"
"https://github.com/pallets/flask.git","examples/tutorial/flaskr/blog.py","41aaaf7fa07f28ef15fd1d343142e96440889a8b","2022-03-25T19:24:31Z","0.0031","10","100","5","0","3","0","{'long_function': 0, 'too_many_parameters': 0, 'deep_nesting': 0, 'large_file': 0, 'god_class': 0}","75.0","0"
"https://github.com/pallets/flask.git","examples/tutorial/flaskr/db.py","41aaaf7fa07f28ef15fd1d343142e96440889a8b","2022-03-25T19:24:31Z","0.0031","3","40","5","0","2","0","{'long_function': 0, 'too_many_parameters': 0, 'deep_nesting': 0, 'large_file': 0, 'god_class': 0}","92.0","0"
"https://github.com/pallets/flask.git","examples/tutorial/flaskr/__init__.py","41aaaf7fa07f28ef15fd1d343142e96440889a8b","2022-03-25T19:24:31Z","0.0031","3","27","2","0","2","0","{'long_function': 0, 'too_many_parameters': 0, 'deep_nesting': 0, 'large_file': 0, 'god_class': 0}","92.65","0"
"https://github.com/pallets/flask.git","examples/tutorial/tests/conftest.py","41aaaf7fa07f28ef15fd1d343142e96440889a8b","2022-03-25T19:24:31Z","0.0031","1","39","7","1","2","0","{'long_function': 0, 'too_many_parameters': 0, 'deep_nesting': 0, 'large_file': 0, 'god_class': 0}","96.05","0"
"https://github.com/pallets/flask.git","examples/tutorial/tests/test_auth.py","41aaaf7fa07f28ef15fd1d343142e96440889a8b","2022-03-25T19:24:31Z","0.0031","1","46","5","0","2","0","{'long_function': 0, 'too_many_parameters': 0, 'deep_nesting': 0, 'large_file': 0, 'god_class': 0}","95.7","0"
"https://github.com/pallets/flask.git","examples/tutorial/tests/test_blog.py","41aaaf7fa07f28ef15fd1d343142e96440889a8b","2022-03-25T19:24:31Z","0.0031","1","58","8","0","2","0","{'long_function': 0, 'too_many_parameters': 0, 'deep_nesting': 0, 'large_file': 0, 'god_class': 0}","95.1","0"
"https://github.com/pallets/flask.git","examples/tutorial/tests/test_db.py","41aaaf7fa07f28ef15fd1d343142e96440889a8b","2022-03-25T19:24:31Z","0.0031","1","19","3","1","2","0","{'long_function': 0, 'too_many_parameters': 0, 'deep_nesting': 0, 'large_file': 0, 'god_class': 0}","97.05","0"
"https://github.com/pallets/flask.git","examples/tutorial/tests/test_factory.py","41aaaf7fa07f28ef15fd1d343142e96440889a8b","2022-03-25T19:24:31Z","0.0031","1","8","2","0","1","0","{'long_function': 0, 'too_many_parameters': 0, 'deep_nesting': 0, 'large_file': 0, 'god_class': 0}","97.6","0"
"https://github.com/pallets/flask.git","src/flask/app.py","41aaaf7fa07f28ef15fd1d343142e96440889a8b","2022-03-25T19:24:31Z","0.014","140","1485","68","1","7","28","{'long_function': 6, 'too_many_parameters': 3, 'deep_nesting': 17, 'large_file': 1, 'god_class': 1}","0","1"
"https://github.com/pallets/flask.git","src/flask/blueprints.py","41aaaf7fa07f28ef15fd1d343142e96440889a8b","2022-03-25T19:24:31Z","0.0044","47","474","33","2","6","8","{'long_function': 1, 'too_many_parameters': 2, 'deep_nesting': 4, 'large_file': 0, 'god_class': 1}","0","1"
"https://github.com/pallets/flask.git","src/flask/cli.py","41aaaf7fa07f28ef15fd1d343142e96440889a8b","2022-03-25T19:24:31Z","0.0069","116","731","35","7","6","13","{'long_function': 3, 'too_many_parameters': 2, 'deep_nesting': 7, 'large_file': 1, 'god_class': 0}","0","0"
"https://github.com/pallets/flask.git","src/flask/config.py","41aaaf7fa07f28ef15fd1d343142e96440889a8b","2022-03-25T19:24:31Z","0.0031","28","262","12","2","5","2","{'long_function': 1, 'too_many_parameters': 0, 'deep_nesting': 1, 'large_file': 0, 'god_class': 0}","20.9","0"
"https://github.com/pallets/flask.git","src/flask/ctx.py","41aaaf7fa07f28ef15fd1d343142e96440889a8b","2022-03-25T19:24:31Z","0.0061","28","367","30","3","5","4","{'long_function': 0, 'too_many_parameters': 0, 'deep_nesting': 3, 'large_file': 0, 'god_class': 1}","5.65","0"
"https://github.com/pallets/flask.git","src/flask/debughelpers.py","41aaaf7fa07f28ef15fd1d343142e96440889a8b","2022-03-25T19:24:31Z","0.006","26","143","8","4","5","1","{'long_function': 0, 'too_many_parameters': 0, 'deep_nesting': 1, 'large_file': 0, 'god_class': 0}","35.85","0"
"https://github.com/pallets/flask.git","src/flask/globals.py","41aaaf7fa07f28ef15fd1d343142e96440889a8b","2022-03-25T19:24:31Z","0.0178","5","45","3","0","2","0","{'long_function': 0, 'too_many_parameters': 0, 'deep_nesting': 0, 'large_file': 0, 'god_class': 0}","87.75","0"
"https://github.com/pallets/flask.git","src/flask/helpers.py","41aaaf7fa07f28ef15fd1d343142e96440889a8b","2022-03-25T19:24:31Z","0.0107","41","596","21","1","5","8","{'long_function': 4, 'too_many_parameters': 2, 'deep_nesting': 1, 'large_file': 1, 'god_class': 0}","0","1"
"https://github.com/pallets/flask.git","src/flask/logging.py","41aaaf7fa07f28ef15fd1d343142e96440889a8b","2022-03-25T19:24:31Z","0.0089","10","50","3","0","3","0","{'long_function': 0, 'too_many_parameters': 0, 'deep_nesting': 0, 'large_file': 0, 'god_class': 0}","77.5","0"
"https://github.com/pallets/flask.git","src/flask/scaffold.py","41aaaf7fa07f28ef15fd1d343142e96440889a8b","2022-03-25T19:24:31Z","0.0048","34","571","39","1","4","6","{'long_function': 2, 'too_many_parameters': 2, 'deep_nesting': 0, 'large_file': 1, 'god_class': 1}","0","1"
"https://github.com/pallets/flask.git","src/flask/sessions.py","41aaaf7fa07f28ef15fd1d343142e96440889a8b","2022-03-25T19:24:31Z","0.0075","21","293","23","5","4","2","{'long_function': 1, 'too_many_parameters': 0, 'deep_nesting': 0, 'large_file': 0, 'god_class': 1}","33.35","1"
"https://github.com/pallets/flask.git","src/flask/signals.py","41aaaf7fa07f28ef15fd1d343142e96440889a8b","2022-03-25T19:24:31Z","0.0067","2","40","4","2","3","0","{'long_function': 0, 'too_many_parameters': 0, 'deep_nesting': 0, 'large_file': 0, 'god_class': 0}","94.0","0"
"https://github.com/pallets/flask.git","src/flask/templating.py","41aaaf7fa07f28ef15fd1d343142e96440889a8b","2022-03-25T19:24:31Z","0.0038","19","134","11","2","5","2","{'long_function': 0, 'too_many_parameters': 0, 'deep_nesting': 2, 'large_file': 0, 'god_class': 0}","45.3","0"
"https://github.com/pallets/flask.git","src/flask/testing.py","41aaaf7fa07f28ef15fd1d343142e96440889a8b","2022-03-25T19:24:31Z","0.0031","28","224","11","3","5","3","{'long_function': 1, 'too_many_parameters': 1, 'deep_nesting': 1, 'large_file': 0, 'god_class': 0}","17.8","0"
"https://github.com/pallets/flask.git","src/flask/typing.py","41aaaf7fa07f28ef15fd1d343142e96440889a8b","2022-03-25T19:24:31Z","0.211","2","38","0","0","1","0","{'long_function': 0, 'too_many_parameters': 0, 'deep_nesting': 0, 'large_file': 0, 'god_class': 0}","94.1","0"
"https://github.com/pallets/flask.git","src/flask/views.py","41aaaf7fa07f28ef15fd1d343142e96440889a8b","2022-03-25T19:24:31Z","0.0031","11","100","5","3","5","2","{'long_function': 0, 'too_many_parameters': 0, 'deep_nesting': 2, 'large_file': 0, 'god_class': 0}","63.0","0"
"https://github.com/pallets/flask.git","src/flask/wrappers.py","41aaaf7fa07f28ef15fd1d343142e96440889a8b","2022-03-25T19:24:31Z","0.0115","15","109","7","2","4","0","{'long_function': 0, 'too_many_parameters': 0, 'deep_nesting': 0, 'large_file': 0, 'god_class': 0}","64.55","0"
"https://github.com/pallets/flask.git","src/flask/__init__.py","41aaaf7fa07f28ef15fd1d343142e96440889a8b","2022-03-25T19:24:31Z","0.0031","1","43","0","0","0","0","{'long_function': 0, 'too_many_parameters': 0, 'deep_nesting': 0, 'large_file': 0, 'god_class': 0}","95.85","1"
"https://github.com/pallets/flask.git","src/flask/__main__.py","41aaaf7fa07f28ef15fd1d343142e96440889a8b","2022-03-25T19:24:31Z","0.0031","1","2","0","0","0","0","{'long_function': 0, 'too_many_parameters': 0, 'deep_nesting': 0, 'large_file': 0, 'god_class': 0}","97.9","0"
"https://github.com/pallets/flask.git","src/flask/json/tag.py","41aaaf7fa07f28ef15fd1d343142e96440889a8b","2022-03-25T19:24:31Z","0.0031","15","219","33","10","4","0","{'long_function': 0, 'too_many_parameters': 0, 'deep_nesting': 0, 'large_file': 0, 'god_class': 0}","59.05","0"
"https://github.com/pallets/flask.git","src/flask/json/__init__.py","41aaaf7fa07f28ef15fd1d343142e96440889a8b","2022-03-25T19:24:31Z","0.0031","25","226","10","2","3","1","{'long_function': 1, 'too_many_parameters': 0, 'deep_nesting': 0, 'large_file': 0, 'god_class': 0}","33.7","0"
"https://github.com/pallets/flask.git","tests/conftest.py","41aaaf7fa07f28ef15fd1d343142e96440889a8b","2022-03-25T19:24:31Z","0.0031","7","143","19","2","4","0","{'long_function': 0, 'too_many_parameters': 0, 'deep_nesting': 0, 'large_file': 0, 'god_class': 0}","78.85","0"
"https://github.com/pallets/flask.git","tests/test_appctx.py","41aaaf7fa07f28ef15fd1d343142e96440889a8b","2022-03-25T19:24:31Z","0.0031","4","145","29","1","4","0","{'long_function': 0, 'too_many_parameters': 0, 'deep_nesting': 0, 'large_file': 0, 'god_class': 0}","84.75","0"
"https://github.com/pallets/flask.git","tests/test_async.py","41aaaf7fa07f28ef15fd1d343142e96440889a8b","2022-03-25T19:24:31Z","0.0031","1","110","20","4","2","1","{'long_function': 1, 'too_many_parameters': 0, 'deep_nesting': 0, 'large_file': 0, 'god_class': 0}","87.5","0"
"https://github.com/pallets/flask.git","tests/test_basic.py","41aaaf7fa07f28ef15fd1d343142e96440889a8b","2022-03-25T19:24:31Z","0","18","1482","265","7","4","6","{'long_function': 3, 'too_many_parameters': 2, 'deep_nesting': 0, 'large_file': 1, 'god_class': 0}","0","1"
"https://github.com/pallets/flask.git","tests/test_blueprints.py","41aaaf7fa07f28ef15fd1d343142e96440889a8b","2022-03-25T19:24:31Z","0.0031","3","701","151","3","4","3","{'long_function': 1, 'too_many_parameters': 1, 'deep_nesting': 0, 'large_file': 1, 'god_class': 0}","43.95","0"
"https://github.com/pallets/flask.git","tests/test_cli.py","41aaaf7fa07f28ef15fd1d343142e96440889a8b","2022-03-25T19:24:31Z","0","5","470","66","15","4","1","{'long_function': 1, 'too_many_parameters': 0, 'deep_nesting': 0, 'large_file': 0, 'god_class': 0}","61.5","0"
"https://github.com/pallets/flask.git","tests/test_config.py","41aaaf7fa07f28ef15fd1d343142e96440889a8b","2022-03-25T19:24:31Z","0.0031","2","194","18","4","2","0","{'long_function': 0, 'too_many_parameters': 0, 'deep_nesting': 0, 'large_file': 0, 'god_class': 0}","86.3","0"
"https://github.com/pallets/flask.git","tests/test_converters.py","41aaaf7fa07f28ef15fd1d343142e96440889a8b","2022-03-25T19:24:31Z","0.0031","2","29","7","2","3","0","{'long_function': 0, 'too_many_parameters': 0, 'deep_nesting': 0, 'large_file': 0, 'god_class': 0}","94.55","0"
"https://github.com/pallets/flask.git","tests/test_helpers.py","41aaaf7fa07f28ef15fd1d343142e96440889a8b","2022-03-25T19:24:31Z","0.0031","4","232","41","10","5","1","{'long_function': 0, 'too_many_parameters': 0, 'deep_nesting': 1, 'large_file': 0, 'god_class': 0}","75.4","1"
"https://github.com/pallets/flask.git","tests/test_instance_config.py","41aaaf7fa07f28ef15fd1d343142e96440889a8b","2022-03-25T19:24:31Z","0.0031","2","88","8","0","3","0","{'long_function': 0, 'too_many_parameters': 0, 'deep_nesting': 0, 'large_file': 0, 'god_class': 0}","91.6","0"
"https://github.com/pallets/flask.git","tests/test_json.py","41aaaf7fa07f28ef15fd1d343142e96440889a8b","2022-03-25T19:24:31Z","0","12","315","46","9","4","1","{'long_function': 1, 'too_many_parameters': 0, 'deep_nesting': 0, 'large_file': 0, 'god_class': 0}","55.25","0"
"https://github.com/pallets/flask.git","tests/test_json_tag.py","41aaaf7fa07f28ef15fd1d343142e96440889a8b","2022-03-25T19:24:31Z","0.0031","1","64","9","5","3","0","{'long_function': 0, 'too_many_parameters': 0, 'deep_nesting': 0, 'large_file': 0, 'god_class': 0}","94.8","0"
"https://github.com/pallets/flask.git","tests/test_logging.py","41aaaf7fa07f28ef15fd1d343142e96440889a8b","2022-03-25T19:24:31Z","0.0031","2","69","9","0","2","0","{'long_function': 0, 'too_many_parameters': 0, 'deep_nesting': 0, 'large_file': 0, 'god_class': 0}","92.55","0"
"https://github.com/pallets/flask.git","tests/test_regression.py","41aaaf7fa07f28ef15fd1d343142e96440889a8b","2022-03-25T19:24:31Z","0.0031","2","21","4","1","3","0","{'long_function': 0, 'too_many_parameters': 0, 'deep_nesting': 0, 'large_file': 0, 'god_class': 0}","94.95","0"
"https://github.com/pallets/flask.git","tests/test_reqctx.py","41aaaf7fa07f28ef15fd1d343142e96440889a8b","2022-03-25T19:24:31Z","0","5","232","35","6","5","1","{'long_function': 0, 'too_many_parameters': 0, 'deep_nesting': 1, 'large_file': 0, 'god_class': 0}","73.4","0"
"https://github.com/pallets/flask.git","tests/test_session_interface.py","41aaaf7fa07f28ef15fd1d343142e96440889a8b","2022-03-25T19:24:31Z","0.0031","1","20","4","1","3","0","{'long_function': 0, 'too_many_parameters': 0, 'deep_nesting': 0, 'large_file': 0, 'god_class': 0}","97.0","0"
"https://github.com/pallets/flask.git","tests/test_signals.py","41aaaf7fa07f28ef15fd1d343142e96440889a8b","2022-03-25T19:24:31Z","0.0031","2","151","25","0","3","0","{'long_function': 0, 'too_many_parameters': 0, 'deep_nesting': 0, 'large_file': 0, 'god_class': 0}","88.45","0"
"https://github.com/pallets/flask.git","tests/test_subclassing.py","41aaaf7fa07f28ef15fd1d343142e96440889a8b","2022-03-25T19:24:31Z","0.0031","1","15","3","1","3","0","{'long_function': 0, 'too_many_parameters': 0, 'deep_nesting': 0, 'large_file': 0, 'god_class': 0}","97.25","0"
"https://github.com/pallets/flask.git","tests/test_templating.py","41aaaf7fa07f28ef15fd1d343142e96440889a8b","2022-03-25T19:24:31Z","0.0031","1","316","69","4","3","0","{'long_function': 0, 'too_many_parameters': 0, 'deep_nesting': 0, 'large_file': 0, 'god_class': 0}","82.2","0"
"https://github.com/pallets/flask.git","tests/test_testing.py","41aaaf7fa07f28ef15fd1d343142e96440889a8b","2022-03-25T19:24:31Z","0.0031","4","302","49","3","4","0","{'long_function': 0, 'too_many_parameters': 0, 'deep_nesting': 0, 'large_file': 0, 'god_class': 0}","76.9","0"
"https://github.com/pallets/flask.git","tests/test_user_error_handler.py","41aaaf7fa07f28ef15fd1d343142e96440889a8b","2022-03-25T19:24:31Z","0.0031","3","212","44","9","3","1","{'long_function': 1, 'too_many_parameters': 0, 'deep_nesting': 0, 'large_file': 0, 'god_class': 0}","78.4","1"
"https://github.com/pallets/flask.git","tests/test_views.py","41aaaf7fa07f28ef15fd1d343142e96440889a8b","2022-03-25T19:24:31Z","0.0031","1","166","39","21","3","0","{'long_function': 0, 'too_many_parameters': 0, 'deep_nesting': 0, 'large_file': 0, 'god_class': 0}","89.7","0"
"https://github.com/pallets/flask.git","tests/test_apps/blueprintapp/__init__.py","41aaaf7fa07f28ef15fd1d343142e96440889a8b","2022-03-25T19:24:31Z","0.0031","1","7","0","0","0","0","{'long_function': 0, 'too_many_parameters': 0, 'deep_nesting': 0, 'large_file': 0, 'god_class': 0}","97.65","0"
"https://github.com/pallets/flask.git","tests/test_apps/blueprintapp/apps/__init__.py","41aaaf7fa07f28ef15fd1d343142e96440889a8b","2022-03-25T19:24:31Z","0.0031","1","0","0","0","0","0","{'long_function': 0, 'too_many_parameters': 0, 'deep_nesting': 0, 'large_file': 0, 'god_class': 0}","98.0","0"
"https://github.com/pallets/flask.git","tests/test_apps/blueprintapp/apps/admin/__init__.py","41aaaf7fa07f28ef15fd1d343142e96440889a8b","2022-03-25T19:24:31Z","0.0031","1","15","2","0","1","0","{'long_function': 0, 'too_many_parameters': 0, 'deep_nesting': 0, 'large_file': 0, 'god_class': 0}","97.25","0"
"https://github.com/pallets/flask.git","tests/test_apps/blueprintapp/apps/frontend/__init__.py","41aaaf7fa07f28ef15fd1d343142e96440889a8b","2022-03-25T19:24:31Z","0.0031","1","9","2","0","1","0","{'long_function': 0, 'too_many_parameters': 0, 'deep_nesting': 0, 'large_file': 0, 'god_class': 0}","97.55","0"
"https://github.com/pallets/flask.git","tests/test_apps/cliapp/app.py","41aaaf7fa07f28ef15fd1d343142e96440889a8b","2022-03-25T19:24:31Z","0.014","1","2","0","0","0","0","{'long_function': 0, 'too_many_parameters': 0, 'deep_nesting': 0, 'large_file': 0, 'god_class': 0}","97.9","0"
"https://github.com/pallets/flask.git","tests/test_apps/cliapp/factory.py","41aaaf7fa07f28ef15fd1d343142e96440889a8b","2022-03-25T19:24:31Z","0.0031","1","7","3","0","1","0","{'long_function': 0, 'too_many_parameters': 0, 'deep_nesting': 0, 'large_file': 0, 'god_class': 0}","97.65","0"
"https://github.com/pallets/flask.git","tests/test_apps/cliapp/importerrorapp.py","41aaaf7fa07f28ef15fd1d343142e96440889a8b","2022-03-25T19:24:31Z","0.0031","1","3","0","0","0","0","{'long_function': 0, 'too_many_parameters': 0, 'deep_nesting': 0, 'large_file': 0, 'god_class': 0}","97.85","0"
"https://github.com/pallets/flask.git","tests/test_apps/cliapp/multiapp.py","41aaaf7fa07f28ef15fd1d343142e96440889a8b","2022-03-25T19:24:31Z","0.0031","1","3","0","0","0","0","{'long_function': 0, 'too_many_parameters': 0, 'deep_nesting': 0, 'large_file': 0, 'god_class': 0}","97.85","0"
"https://github.com/pallets/flask.git","tests/test_apps/cliapp/__init__.py","41aaaf7fa07f28ef15fd1d343142e96440889a8b","2022-03-25T19:24:31Z","0.0031","1","0","0","0","0","0","{'long_function': 0, 'too_many_parameters': 0, 'deep_nesting': 0, 'large_file': 0, 'god_class': 0}","98.0","0"
"https://github.com/pallets/flask.git","tests/test_apps/cliapp/inner1/__init__.py","41aaaf7fa07f28ef15fd1d343142e96440889a8b","2022-03-25T19:24:31Z","0.0031","1","2","0","0","0","0","{'long_function': 0, 'too_many_parameters': 0, 'deep_nesting': 0, 'large_file': 0, 'god_class': 0}","97.9","0"
"https://github.com/pallets/flask.git","tests/test_apps/cliapp/inner1/inner2/flask.py","41aaaf7fa07f28ef15fd1d343142e96440889a8b","2022-03-25T19:24:31Z","0.5578","1","2","0","0","0","0","{'long_function': 0, 'too_many_parameters': 0, 'deep_nesting': 0, 'large_file': 0, 'god_class': 0}","97.9","0"
"https://github.com/pallets/flask.git","tests/test_apps/cliapp/inner1/inner2/__init__.py","41aaaf7fa07f28ef15fd1d343142e96440889a8b","2022-03-25T19:24:31Z","0.0031","1","0","0","0","0","0","{'long_function': 0, 'too_many_parameters': 0, 'deep_nesting': 0, 'large_file': 0, 'god_class': 0}","98.0","0"
"https://github.com/pallets/flask.git","tests/test_apps/helloworld/hello.py","41aaaf7fa07f28ef15fd1d343142e96440889a8b","2022-03-25T19:24:31Z","0.0057","1","5","1","0","1","0","{'long_function': 0, 'too_many_parameters': 0, 'deep_nesting': 0, 'large_file': 0, 'god_class': 0}","97.75","0"
"https://github.com/pallets/flask.git","tests/test_apps/helloworld/wsgi.py","41aaaf7fa07f28ef15fd1d343142e96440889a8b","2022-03-25T19:24:31Z","0.0031","1","1","0","0","0","0","{'long_function': 0, 'too_many_parameters': 0, 'deep_nesting': 0, 'large_file': 0, 'god_class': 0}","97.95","0"
"https://github.com/pallets/flask.git","tests/test_apps/subdomaintestmodule/__init__.py","41aaaf7fa07f28ef15fd1d343142e96440889a8b","2022-03-25T19:24:31Z","0.0031","1","2","0","0","0","0","{'long_function': 0, 'too_many_parameters': 0, 'deep_nesting': 0, 'large_file': 0, 'god_class': 0}","97.9","0"
"https://github.com/pallets/click.git","click.py","4101de3daf91c6d35b92395a72bf84132ef48f7c","2014-04-24T09:51:55Z","0.3814","231","1233","115","19","5","24","{'long_function': 1, 'too_many_parameters': 6, 'deep_nesting': 15, 'large_file': 1, 'god_class': 1}","0","1"
"https://github.com/pallets/click.git","setup.py","4101de3daf91c6d35b92395a72bf84132ef48f7c","2014-04-24T09:51:55Z","0.2062","1","16","0","0","0","0","{'long_function': 0, 'too_many_parameters': 0, 'deep_nesting': 0, 'large_file': 0, 'god_class': 0}","97.2","0"
"https://github.com/pallets/click.git","docs/conf.py","4101de3daf91c6d35b92395a72bf84132ef48f7c","2014-04-24T09:51:55Z","0.2062","1","35","0","0","0","0","{'long_function': 0, 'too_many_parameters': 0, 'deep_nesting': 0, 'large_file': 0, 'god_class': 0}","96.25","1"
"https://github.com/pallets/click.git","examples/repo/repo.py","4101de3daf91c6d35b92395a72bf84132ef48f7c","2014-04-24T09:51:55Z","0.2062","1","40","4","0","1","0","{'long_function': 0, 'too_many_parameters': 0, 'deep_nesting': 0, 'large_file': 0, 'god_class': 0}","96.0","0"
"https://github.com/pallets/click.git","examples/repo/setup.py","4101de3daf91c6d35b92395a72bf84132ef48f7c","2014-04-24T09:51:55Z","0.2062","1","14","0","0","0","0","{'long_function': 0, 'too_many_parameters': 0, 'deep_nesting': 0, 'large_file': 0, 'god_class': 0}","97.3","0"
"https://github.com/pallets/click.git","setup.py","f36e4042f0362f6cc5c8722267b5a90af66e0715","2014-05-24T08:39:16Z","0.0222","1","16","0","0","0","0","{'long_function': 0, 'too_many_parameters': 0, 'deep_nesting': 0, 'large_file': 0, 'god_class': 0}","97.2","0"
"https://github.com/pallets/click.git","click/core.py","f36e4042f0362f6cc5c8722267b5a90af66e0715","2014-05-24T08:39:16Z","0.0294","171","929","94","9","6","18","{'long_function': 2, 'too_many_parameters': 5, 'deep_nesting': 7, 'large_file': 1, 'god_class': 3}","0","1"
"https://github.com/pallets/click.git","click/decorators.py","f36e4042f0362f6cc5c8722267b5a90af66e0715","2014-05-24T08:39:16Z","0.0254","26","238","26","0","8","6","{'long_function': 1, 'too_many_parameters': 0, 'deep_nesting': 5, 'large_file': 0, 'god_class': 0}","6.1","1"
"https://github.com/pallets/click.git","click/exceptions.py","f36e4042f0362f6cc5c8722267b5a90af66e0715","2014-05-24T08:39:16Z","0.1013","4","37","5","4","3","0","{'long_function': 0, 'too_many_parameters': 0, 'deep_nesting': 0, 'large_file': 0, 'god_class': 0}","90.15","1"
"https://github.com/pallets/click.git","click/formatting.py","f36e4042f0362f6cc5c8722267b5a90af66e0715","2014-05-24T08:39:16Z","0.0254","29","215","20","2","5","3","{'long_function': 1, 'too_many_parameters': 0, 'deep_nesting': 1, 'large_file': 0, 'god_class': 1}","16.25","1"
"https://github.com/pallets/click.git","click/parser.py","f36e4042f0362f6cc5c8722267b5a90af66e0715","2014-05-24T08:39:16Z","0.0254","44","231","17","4","7","14","{'long_function': 0, 'too_many_parameters': 2, 'deep_nesting': 12, 'large_file': 0, 'god_class': 0}","0","1"
"https://github.com/pallets/click.git","click/termui.py","f36e4042f0362f6cc5c8722267b5a90af66e0715","2014-05-24T08:39:16Z","0.0469","38","145","8","0","5","4","{'long_function': 1, 'too_many_parameters': 1, 'deep_nesting': 2, 'large_file': 0, 'god_class': 0}","0","1"
"https://github.com/pallets/click.git","click/testing.py","f36e4042f0362f6cc5c8722267b5a90af66e0715","2014-05-24T08:39:16Z","0.0222","32","209","20","3","6","7","{'long_function': 1, 'too_many_parameters': 1, 'deep_nesting': 5, 'large_file': 0, 'god_class': 0}","0","1"
"https://github.com/pallets/click.git","click/types.py","f36e4042f0362f6cc5c8722267b5a90af66e0715","2014-05-24T08:39:16Z","0.0353","65","323","30","11","5","7","{'long_function': 0, 'too_many_parameters': 2, 'deep_nesting': 5, 'large_file': 0, 'god_class': 0}","0","1"
"https://github.com/pallets/click.git","click/utils.py","f36e4042f0362f6cc5c8722267b5a90af66e0715","2014-05-24T08:39:16Z","0.1064","43","223","18","1","6","7","{'long_function': 1, 'too_many_parameters': 1, 'deep_nesting': 5, 'large_file': 0, 'god_class': 0}","0","1"
"https://github.com/pallets/click.git","click/_compat.py","f36e4042f0362f6cc5c8722267b5a90af66e0715","2014-05-24T08:39:16Z","0.1597","59","294","46","3","4","0","{'long_function': 0, 'too_many_parameters': 0, 'deep_nesting': 0, 'large_file': 0, 'god_class': 0}","0","1"
"https://github.com/pallets/click.git","click/__init__.py","f36e4042f0362f6cc5c8722267b5a90af66e0715","2014-05-24T08:39:16Z","0.0222","1","38","0","0","0","0","{'long_function': 0, 'too_many_parameters': 0, 'deep_nesting': 0, 'large_file': 0, 'god_class': 0}","96.1","1"
"https://github.com/pallets/click.git","docs/clickdoctools.py","f36e4042f0362f6cc5c8722267b5a90af66e0715","2014-05-24T08:39:16Z","0.0222","32","208","23","5","6","6","{'long_function': 0, 'too_many_parameters': 1, 'deep_nesting': 5, 'large_file': 0, 'god_class': 0}","0","0"
"https://github.com/pallets/click.git","docs/conf.py","f36e4042f0362f6cc5c8722267b5a90af66e0715","2014-05-24T08:39:16Z","0.0222","1","37","0","0","0","0","{'long_function': 0, 'too_many_parameters': 0, 'deep_nesting': 0, 'large_file': 0, 'god_class': 0}","96.15","0"
"https://github.com/pallets/click.git","examples/complex/setup.py","f36e4042f0362f6cc5c8722267b5a90af66e0715","2014-05-24T08:39:16Z","0.0222","1","14","0","0","0","0","{'long_function': 0, 'too_many_parameters': 0, 'deep_nesting': 0, 'large_file': 0, 'god_class': 0}","97.3","0"
"https://github.com/pallets/click.git","examples/complex/complex/cli.py","f36e4042f0362f6cc5c8722267b5a90af66e0715","2014-05-24T08:39:16Z","0.0222","8","50","7","2","4","0","{'long_function': 0, 'too_many_parameters': 0, 'deep_nesting': 0, 'large_file': 0, 'god_class': 0}","81.5","0"
"https://github.com/pallets/click.git","examples/complex/complex/__init__.py","f36e4042f0362f6cc5c8722267b5a90af66e0715","2014-05-24T08:39:16Z","0.0222","1","0","0","0","0","0","{'long_function': 0, 'too_many_parameters': 0, 'deep_nesting': 0, 'large_file': 0, 'god_class': 0}","98.0","0"
"https://github.com/pallets/click.git","examples/complex/complex/commands/cmd_init.py","f36e4042f0362f6cc5c8722267b5a90af66e0715","2014-05-24T08:39:16Z","0.0222","2","11","1","0","2","0","{'long_function': 0, 'too_many_parameters': 0, 'deep_nesting': 0, 'large_file': 0, 'god_class': 0}","95.45","0"
"https://github.com/pallets/click.git","examples/complex/complex/commands/cmd_status.py","f36e4042f0362f6cc5c8722267b5a90af66e0715","2014-05-24T08:39:16Z","0.0222","1","8","1","0","1","0","{'long_function': 0, 'too_many_parameters': 0, 'deep_nesting': 0, 'large_file': 0, 'god_class': 0}","97.6","0"
"https://github.com/pallets/click.git","examples/complex/complex/commands/__init__.py","f36e4042f0362f6cc5c8722267b5a90af66e0715","2014-05-24T08:39:16Z","0.0222","1","0","0","0","0","0","{'long_function': 0, 'too_many_parameters': 0, 'deep_nesting': 0, 'large_file': 0, 'god_class': 0}","98.0","0"
"https://github.com/pallets/click.git","examples/inout/inout.py","f36e4042f0362f6cc5c8722267b5a90af66e0715","2014-05-24T08:39:16Z","0.0222","4","25","1","0","4","0","{'long_function': 0, 'too_many_parameters': 0, 'deep_nesting': 0, 'large_file': 0, 'god_class': 0}","90.75","1"
"https://github.com/pallets/click.git","examples/inout/setup.py","f36e4042f0362f6cc5c8722267b5a90af66e0715","2014-05-24T08:39:16Z","0.0222","1","14","0","0","0","0","{'long_function': 0, 'too_many_parameters': 0, 'deep_nesting': 0, 'large_file': 0, 'god_class': 0}","97.3","0"
"https://github.com/pallets/click.git","examples/naval/naval.py","f36e4042f0362f6cc5c8722267b5a90af66e0715","2014-05-24T08:39:16Z","0.0222","1","53","8","0","1","0","{'long_function': 0, 'too_many_parameters': 0, 'deep_nesting': 0, 'large_file': 0, 'god_class': 0}","95.35","1"
"https://github.com/pallets/click.git","examples/naval/setup.py","f36e4042f0362f6cc5c8722267b5a90af66e0715","2014-05-24T08:39:16Z","0.0222","1","14","0","0","0","0","{'long_function': 0, 'too_many_parameters': 0, 'deep_nesting': 0, 'large_file': 0, 'god_class': 0}","97.3","0"
"https://github.com/pallets/click.git","examples/repo/repo.py","f36e4042f0362f6cc5c8722267b5a90af66e0715","2014-05-24T08:39:16Z","0.0222","7","107","9","1","3","0","{'long_function': 0, 'too_many_parameters': 0, 'deep_nesting': 0, 'large_file': 0, 'god_class': 0}","80.65","0"
"https://github.com/pallets/click.git","examples/repo/setup.py","f36e4042f0362f6cc5c8722267b5a90af66e0715","2014-05-24T08:39:16Z","0.0222","1","14","0","0","0","0","{'long_function': 0, 'too_many_parameters': 0, 'deep_nesting': 0, 'large_file': 0, 'god_class': 0}","97.3","0"
"https://github.com/pallets/click.git","tests/conftest.py","f36e4042f0362f6cc5c8722267b5a90af66e0715","2014-05-24T08:39:16Z","0.0222","1","5","1","0","1","0","{'long_function': 0, 'too_many_parameters': 0, 'deep_nesting': 0, 'large_file': 0, 'god_class': 0}","97.75","0"
"https://github.com/pallets/click.git","tests/test_arguments.py","f36e4042f0362f6cc5c8722267b5a90af66e0715","2014-05-24T08:39:16Z","0.0222","4","119","17","0","4","0","{'long_function': 0, 'too_many_parameters': 0, 'deep_nesting': 0, 'large_file': 0, 'god_class': 0}","86.05","1"
"https://github.com/pallets/click.git","tests/test_basic.py","f36e4042f0362f6cc5c8722267b5a90af66e0715","2014-05-24T08:39:16Z","0.0222","4","303","37","0","3","0","{'long_function': 0, 'too_many_parameters': 0, 'deep_nesting': 0, 'large_file': 0, 'god_class': 0}","76.85","0"
"https://github.com/pallets/click.git","tests/test_commands.py","f36e4042f0362f6cc5c8722267b5a90af66e0715","2014-05-24T08:39:16Z","0.0222","2","130","24","1","4","1","{'long_function': 1, 'too_many_parameters': 0, 'deep_nesting': 0, 'large_file': 0, 'god_class': 0}","84.5","1"
"https://github.com/pallets/click.git","tests/test_context.py","f36e4042f0362f6cc5c8722267b5a90af66e0715","2014-05-24T08:39:16Z","0.0222","1","68","15","4","3","0","{'long_function': 0, 'too_many_parameters': 0, 'deep_nesting': 0, 'large_file': 0, 'god_class': 0}","94.6","0"
"https://github.com/pallets/click.git","tests/test_formatting.py","f36e4042f0362f6cc5c8722267b5a90af66e0715","2014-05-24T08:39:16Z","0.0222","1","42","2","0","2","0","{'long_function': 0, 'too_many_parameters': 0, 'deep_nesting': 0, 'large_file': 0, 'god_class': 0}","95.9","0"
"https://github.com/pallets/click.git","tests/test_options.py","f36e4042f0362f6cc5c8722267b5a90af66e0715","2014-05-24T08:39:16Z","0.0222","2","84","13","0","3","0","{'long_function': 0, 'too_many_parameters': 0, 'deep_nesting': 0, 'large_file': 0, 'god_class': 0}","91.8","1"
"https://github.com/pallets/click.git","tests/test_testing.py","f36e4042f0362f6cc5c8722267b5a90af66e0715","2014-05-24T08:39:16Z","0.0222","6","62","7","0","4","0","{'long_function': 0, 'too_many_parameters': 0, 'deep_nesting': 0, 'large_file': 0, 'god_class': 0}","84.9","0"
"https://github.com/pallets/click.git","tests/test_utils.py","f36e4042f0362f6cc5c8722267b5a90af66e0715","2014-05-24T08:39:16Z","0.0222","1","16","2","0","2","0","{'long_function': 0, 'too_many_parameters': 0, 'deep_nesting': 0, 'large_file': 0, 'god_class': 0}","97.2","1"
"https://github.com/pallets/click.git","setup.py","b3f0a13d260d953ff24ddc4be604daa8b8089607","2014-08-22T20:51:00Z","0.017","1","22","0","0","1","0","{'long_function': 0, 'too_many_parameters': 0, 'deep_nesting': 0, 'large_file': 0, 'god_class': 0}","96.9","0"
"https://github.com/pallets/click.git","click/core.py","b3f0a13d260d953ff24ddc4be604daa8b8089607","2014-08-22T20:51:00Z","0.0282","242","1253","106","9","6","35","{'long_function': 5, 'too_many_parameters': 6, 'deep_nesting': 20, 'large_file': 1, 'god_class': 3}","0","1"
"https://github.com/pallets/click.git","click/decorators.py","b3f0a13d260d953ff24ddc4be604daa8b8089607","2014-08-22T20:51:00Z","0.0197","30","244","26","0","8","6","{'long_function': 1, 'too_many_parameters': 0, 'deep_nesting': 5, 'large_file': 0, 'god_class': 0}","0","0"
"https://github.com/pallets/click.git","click/exceptions.py","b3f0a13d260d953ff24ddc4be604daa8b8089607","2014-08-22T20:51:00Z","0.0779","11","79","9","5","4","0","{'long_function': 0, 'too_many_parameters': 0, 'deep_nesting': 0, 'large_file': 0, 'god_class': 0}","74.05","0"
"https://github.com/pallets/click.git","click/formatting.py","b3f0a13d260d953ff24ddc4be604daa8b8089607","2014-08-22T20:51:00Z","0.0197","26","198","17","1","5","3","{'long_function': 1, 'too_many_parameters': 0, 'deep_nesting': 1, 'large_file': 0, 'god_class': 1}","23.1","1"
"https://github.com/pallets/click.git","click/parser.py","b3f0a13d260d953ff24ddc4be604daa8b8089607","2014-08-22T20:51:00Z","0.0295","55","256","19","4","7","13","{'long_function': 0, 'too_many_parameters': 2, 'deep_nesting': 11, 'large_file': 0, 'god_class': 0}","0","0"
"https://github.com/pallets/click.git","click/termui.py","b3f0a13d260d953ff24ddc4be604daa8b8089607","2014-08-22T20:51:00Z","0.0275","62","407","17","0","5","10","{'long_function': 3, 'too_many_parameters': 5, 'deep_nesting': 2, 'large_file': 0, 'god_class': 0}","0","1"
"https://github.com/pallets/click.git","click/testing.py","b3f0a13d260d953ff24ddc4be604daa8b8089607","2014-08-22T20:51:00Z","0.017","34","235","21","3","6","10","{'long_function': 2, 'too_many_parameters': 2, 'deep_nesting': 6, 'large_file': 0, 'god_class': 0}","0","0"
"https://github.com/pallets/click.git","click/types.py","b3f0a13d260d953ff24ddc4be604daa8b8089607","2014-08-22T20:51:00Z","0.0197","70","338","32","11","5","8","{'long_function': 0, 'too_many_parameters': 2, 'deep_nesting': 6, 'large_file': 0, 'god_class': 0}","0","0"
"https://github.com/pallets/click.git","click/utils.py","b3f0a13d260d953ff24ddc4be604daa8b8089607","2014-08-22T20:51:00Z","0.0857","58","335","26","2","6","9","{'long_function': 2, 'too_many_parameters': 2, 'deep_nesting': 5, 'large_file': 0, 'god_class': 0}","0","0"
"https://github.com/pallets/click.git","click/_bashcomplete.py","b3f0a13d260d953ff24ddc4be604daa8b8089607","2014-08-22T20:51:00Z","0.0197","15","59","4","0","4","0","{'long_function': 0, 'too_many_parameters': 0, 'deep_nesting': 0, 'large_file': 0, 'god_class': 0}","67.05","0"
"https://github.com/pallets/click.git","click/_compat.py","b3f0a13d260d953ff24ddc4be604daa8b8089607","2014-08-22T20:51:00Z","0.1227","76","392","58","3","5","2","{'long_function': 0, 'too_many_parameters': 0, 'deep_nesting': 2, 'large_file': 0, 'god_class': 0}","0","0"
"https://github.com/pallets/click.git","click/_termui_impl.py","b3f0a13d260d953ff24ddc4be604daa8b8089607","2014-08-22T20:51:00Z","0.017","108","434","30","2","5","5","{'long_function': 0, 'too_many_parameters': 1, 'deep_nesting': 3, 'large_file': 0, 'god_class': 1}","0","0"
"https://github.com/pallets/click.git","click/_textwrap.py","b3f0a13d260d953ff24ddc4be604daa8b8089607","2014-08-22T20:51:00Z","0.0212","5","32","3","1","4","0","{'long_function': 0, 'too_many_parameters': 0, 'deep_nesting': 0, 'large_file': 0, 'god_class': 0}","88.4","0"
"https://github.com/pallets/click.git","click/__init__.py","b3f0a13d260d953ff24ddc4be604daa8b8089607","2014-08-22T20:51:00Z","0.017","1","46","0","0","0","0","{'long_function': 0, 'too_many_parameters': 0, 'deep_nesting': 0, 'large_file': 0, 'god_class': 0}","95.7","0"
"https://github.com/pallets/click.git","docs/clickdoctools.py","b3f0a13d260d953ff24ddc4be604daa8b8089607","2014-08-22T20:51:00Z","0.017","32","208","23","5","6","6","{'long_function': 0, 'too_many_parameters': 1, 'deep_nesting': 5, 'large_file': 0, 'god_class': 0}","0","0"
"https://github.com/pallets/click.git","docs/conf.py","b3f0a13d260d953ff24ddc4be604daa8b8089607","2014-08-22T20:51:00Z","0.017","1","37","0","0","0","0","{'long_function': 0, 'too_many_parameters': 0, 'deep_nesting': 0, 'large_file': 0, 'god_class': 0}","96.15","0"
"https://github.com/pallets/click.git","examples/aliases/aliases.py","b3f0a13d260d953ff24ddc4be604daa8b8089607","2014-08-22T20:51:00Z","0.017","10","76","10","2","4","0","{'long_function': 0, 'too_many_parameters': 0, 'deep_nesting': 0, 'large_file': 0, 'god_class': 0}","76.2","0"
"https://github.com/pallets/click.git","examples/aliases/setup.py","b3f0a13d260d953ff24ddc4be604daa8b8089607","2014-08-22T20:51:00Z","0.017","1","14","0","0","0","0","{'long_function': 0, 'too_many_parameters': 0, 'deep_nesting': 0, 'large_file': 0, 'god_class': 0}","97.3","0"
"https://github.com/pallets/click.git","examples/colors/colors.py","b3f0a13d260d953ff24ddc4be604daa8b8089607","2014-08-22T20:51:00Z","0.017","4","20","1","0","2","0","{'long_function': 0, 'too_many_parameters': 0, 'deep_nesting': 0, 'large_file': 0, 'god_class': 0}","91.0","0"
"https://github.com/pallets/click.git","examples/colors/setup.py","b3f0a13d260d953ff24ddc4be604daa8b8089607","2014-08-22T20:51:00Z","0.017","1","15","0","0","0","0","{'long_function': 0, 'too_many_parameters': 0, 'deep_nesting': 0, 'large_file': 0, 'god_class': 0}","97.25","0"
"https://github.com/pallets/click.git","examples/complex/setup.py","b3f0a13d260d953ff24ddc4be604daa8b8089607","2014-08-22T20:51:00Z","0.017","1","14","0","0","0","0","{'long_function': 0, 'too_many_parameters': 0, 'deep_nesting': 0, 'large_file': 0, 'god_class': 0}","97.3","0"
"https://github.com/pallets/click.git","examples/complex/complex/cli.py","b3f0a13d260d953ff24ddc4be604daa8b8089607","2014-08-22T20:51:00Z","0.017","9","50","6","2","4","0","{'long_function': 0, 'too_many_parameters': 0, 'deep_nesting': 0, 'large_file': 0, 'god_class': 0}","79.5","0"
"https://github.com/pallets/click.git","examples/complex/complex/__init__.py","b3f0a13d260d953ff24ddc4be604daa8b8089607","2014-08-22T20:51:00Z","0.017","1","0","0","0","0","0","{'long_function': 0, 'too_many_parameters': 0, 'deep_nesting': 0, 'large_file': 0, 'god_class': 0}","98.0","0"
"https://github.com/pallets/click.git","examples/complex/complex/commands/cmd_init.py","b3f0a13d260d953ff24ddc4be604daa8b8089607","2014-08-22T20:51:00Z","0.017","2","11","1","0","2","0","{'long_function': 0, 'too_many_parameters': 0, 'deep_nesting': 0, 'large_file': 0, 'god_class': 0}","95.45","0"
"https://github.com/pallets/click.git","examples/complex/complex/commands/cmd_status.py","b3f0a13d260d953ff24ddc4be604daa8b8089607","2014-08-22T20:51:00Z","0.017","1","8","1","0","1","0","{'long_function': 0, 'too_many_parameters': 0, 'deep_nesting': 0, 'large_file': 0, 'god_class': 0}","97.6","0"
"https://github.com/pallets/click.git","examples/complex/complex/commands/__init__.py","b3f0a13d260d953ff24ddc4be604daa8b8089607","2014-08-22T20:51:00Z","0.017","1","0","0","0","0","0","{'long_function': 0, 'too_many_parameters': 0, 'deep_nesting': 0, 'large_file': 0, 'god_class': 0}","98.0","0"
"https://github.com/pallets/click.git","examples/imagepipe/imagepipe.py","b3f0a13d260d953ff24ddc4be604daa8b8089607","2014-08-22T20:51:00Z","0.017","39","219","21","0","4","0","{'long_function': 0, 'too_many_parameters': 0, 'deep_nesting': 0, 'large_file': 0, 'god_class': 0}","11.05","0"
"https://github.com/pallets/click.git","examples/imagepipe/setup.py","b3f0a13d260d953ff24ddc4be604daa8b8089607","2014-08-22T20:51:00Z","0.017","1","15","0","0","0","0","{'long_function': 0, 'too_many_parameters': 0, 'deep_nesting': 0, 'large_file': 0, 'god_class': 0}","97.25","0"
"https://github.com/pallets/click.git","examples/inout/inout.py","b3f0a13d260d953ff24ddc4be604daa8b8089607","2014-08-22T20:51:00Z","0.017","4","25","1","0","4","0","{'long_function': 0, 'too_many_parameters': 0, 'deep_nesting': 0, 'large_file': 0, 'god_class': 0}","90.75","0"
"https://github.com/pallets/click.git","examples/inout/setup.py","b3f0a13d260d953ff24ddc4be604daa8b8089607","2014-08-22T20:51:00Z","0.017","1","14","0","0","0","0","{'long_function': 0, 'too_many_parameters': 0, 'deep_nesting': 0, 'large_file': 0, 'god_class': 0}","97.3","0"
"https://github.com/pallets/click.git","examples/naval/naval.py","b3f0a13d260d953ff24ddc4be604daa8b8089607","2014-08-22T20:51:00Z","0.017","1","53","8","0","1","0","{'long_function': 0, 'too_many_parameters': 0, 'deep_nesting': 0, 'large_file': 0, 'god_class': 0}","95.35","0"
"https://github.com/pallets/click.git","examples/naval/setup.py","b3f0a13d260d953ff24ddc4be604daa8b8089607","2014-08-22T20:51:00Z","0.017","1","14","0","0","0","0","{'long_function': 0, 'too_many_parameters': 0, 'deep_nesting': 0, 'large_file': 0, 'god_class': 0}","97.3","0"
"https://github.com/pallets/click.git","examples/repo/repo.py","b3f0a13d260d953ff24ddc4be604daa8b8089607","2014-08-22T20:51:00Z","0.017","11","122","9","1","3","0","{'long_function': 0, 'too_many_parameters': 0, 'deep_nesting': 0, 'large_file': 0, 'god_class': 0}","71.9","0"
"https://github.com/pallets/click.git","examples/repo/setup.py","b3f0a13d260d953ff24ddc4be604daa8b8089607","2014-08-22T20:51:00Z","0.017","1","14","0","0","0","0","{'long_function': 0, 'too_many_parameters': 0, 'deep_nesting': 0, 'large_file': 0, 'god_class': 0}","97.3","0"
"https://github.com/pallets/click.git","examples/termui/setup.py","b3f0a13d260d953ff24ddc4be604daa8b8089607","2014-08-22T20:51:00Z","0.017","1","15","0","0","0","0","{'long_function': 0, 'too_many_parameters': 0, 'deep_nesting': 0, 'large_file': 0, 'god_class': 0}","97.25","0"
"https://github.com/pallets/click.git","examples/termui/termui.py","b3f0a13d260d953ff24ddc4be604daa8b8089607","2014-08-22T20:51:00Z","0.0275","20","116","13","0","5","3","{'long_function': 0, 'too_many_parameters': 0, 'deep_nesting': 3, 'large_file': 0, 'god_class': 0}","39.2","0"
"https://github.com/pallets/click.git","examples/validation/setup.py","b3f0a13d260d953ff24ddc4be604daa8b8089607","2014-08-22T20:51:00Z","0.017","1","14","0","0","0","0","{'long_function': 0, 'too_many_parameters': 0, 'deep_nesting': 0, 'large_file': 0, 'god_class': 0}","97.3","0"
"https://github.com/pallets/click.git","examples/validation/validation.py","b3f0a13d260d953ff24ddc4be604daa8b8089607","2014-08-22T20:51:00Z","0.017","8","36","3","1","4","0","{'long_function': 0, 'too_many_parameters': 0, 'deep_nesting': 0, 'large_file': 0, 'god_class': 0}","82.2","0"
"https://github.com/pallets/click.git","tests/conftest.py","b3f0a13d260d953ff24ddc4be604daa8b8089607","2014-08-22T20:51:00Z","0.017","1","5","1","0","1","0","{'long_function': 0, 'too_many_parameters': 0, 'deep_nesting': 0, 'large_file': 0, 'god_class': 0}","97.75","0"
"https://github.com/pallets/click.git","tests/test_arguments.py","b3f0a13d260d953ff24ddc4be604daa8b8089607","2014-08-22T20:51:00Z","0.017","4","150","24","0","4","0","{'long_function': 0, 'too_many_parameters': 0, 'deep_nesting': 0, 'large_file': 0, 'god_class': 0}","84.5","0"
"https://github.com/pallets/click.git","tests/test_basic.py","b3f0a13d260d953ff24ddc4be604daa8b8089607","2014-08-22T20:51:00Z","0.017","4","311","39","0","3","0","{'long_function': 0, 'too_many_parameters': 0, 'deep_nesting': 0, 'large_file': 0, 'god_class': 0}","76.45","0"
"https://github.com/pallets/click.git","tests/test_chain.py","b3f0a13d260d953ff24ddc4be604daa8b8089607","2014-08-22T20:51:00Z","0.017","6","144","26","0","4","0","{'long_function': 0, 'too_many_parameters': 0, 'deep_nesting': 0, 'large_file': 0, 'god_class': 0}","80.8","0"
"https://github.com/pallets/click.git","tests/test_commands.py","b3f0a13d260d953ff24ddc4be604daa8b8089607","2014-08-22T20:51:00Z","0.017","7","196","37","1","4","1","{'long_function': 1, 'too_many_parameters': 0, 'deep_nesting': 0, 'large_file': 0, 'god_class': 0}","71.2","0"
"https://github.com/pallets/click.git","tests/test_compat.py","b3f0a13d260d953ff24ddc4be604daa8b8089607","2014-08-22T20:51:00Z","0.017","2","13","3","0","3","0","{'long_function': 0, 'too_many_parameters': 0, 'deep_nesting': 0, 'large_file': 0, 'god_class': 0}","95.35","0"
"https://github.com/pallets/click.git","tests/test_context.py","b3f0a13d260d953ff24ddc4be604daa8b8089607","2014-08-22T20:51:00Z","0.017","1","82","18","4","3","0","{'long_function': 0, 'too_many_parameters': 0, 'deep_nesting': 0, 'large_file': 0, 'god_class': 0}","93.9","0"
"https://github.com/pallets/click.git","tests/test_defaults.py","b3f0a13d260d953ff24ddc4be604daa8b8089607","2014-08-22T20:51:00Z","0.017","3","37","6","0","3","0","{'long_function': 0, 'too_many_parameters': 0, 'deep_nesting': 0, 'large_file': 0, 'god_class': 0}","92.15","0"
"https://github.com/pallets/click.git","tests/test_formatting.py","b3f0a13d260d953ff24ddc4be604daa8b8089607","2014-08-22T20:51:00Z","0.017","1","42","2","0","2","0","{'long_function': 0, 'too_many_parameters': 0, 'deep_nesting': 0, 'large_file': 0, 'god_class': 0}","95.9","0"
"https://github.com/pallets/click.git","tests/test_imports.py","b3f0a13d260d953ff24ddc4be604daa8b8089607","2014-08-22T20:51:00Z","0.017","5","39","1","0","3","0","{'long_function': 0, 'too_many_parameters': 0, 'deep_nesting': 0, 'large_file': 0, 'god_class': 0}","88.05","0"
"https://github.com/pallets/click.git","tests/test_normalization.py","b3f0a13d260d953ff24ddc4be604daa8b8089607","2014-08-22T20:51:00Z","0.017","1","27","7","0","2","0","{'long_function': 0, 'too_many_parameters': 0, 'deep_nesting': 0, 'large_file': 0, 'god_class': 0}","96.65","0"
"https://github.com/pallets/click.git","tests/test_options.py","b3f0a13d260d953ff24ddc4be604daa8b8089607","2014-08-22T20:51:00Z","0.017","4","168","28","0","3","0","{'long_function': 0, 'too_many_parameters': 0, 'deep_nesting': 0, 'large_file': 0, 'god_class': 0}","83.6","0"
"https://github.com/pallets/click.git","tests/test_termui.py","b3f0a13d260d953ff24ddc4be604daa8b8089607","2014-08-22T20:51:00Z","0.017","2","10","2","0","4","0","{'long_function': 0, 'too_many_parameters': 0, 'deep_nesting': 0, 'large_file': 0, 'god_class': 0}","95.5","0"
"https://github.com/pallets/click.git","tests/test_testing.py","b3f0a13d260d953ff24ddc4be604daa8b8089607","2014-08-22T20:51:00Z","0.017","6","87","11","1","4","0","{'long_function': 0, 'too_many_parameters': 0, 'deep_nesting': 0, 'large_file': 0, 'god_class': 0}","83.65","0"
"https://github.com/pallets/click.git","tests/test_utils.py","b3f0a13d260d953ff24ddc4be604daa8b8089607","2014-08-22T20:51:00Z","0.017","5","135","11","0","4","0","{'long_function': 0, 'too_many_parameters': 0, 'deep_nesting': 0, 'large_file': 0, 'god_class': 0}","83.25","1"
"https://github.com/pallets/click.git","setup.py","5f2ff4faf627dc9d0925cffb7d9b8f3162fbdaad","2017-04-16T10:43:52Z","0.0146","1","22","0","0","1","0","{'long_function': 0, 'too_many_parameters': 0, 'deep_nesting': 0, 'large_file': 0, 'god_class': 0}","96.9","0"
"https://github.com/pallets/click.git","click/core.py","5f2ff4faf627dc9d0925cffb7d9b8f3162fbdaad","2017-04-16T10:43:52Z","0.0208","266","1375","108","9","6","36","{'long_function': 4, 'too_many_parameters': 6, 'deep_nesting': 22, 'large_file': 1, 'god_class': 3}","0","0"
"https://github.com/pallets/click.git","click/decorators.py","5f2ff4faf627dc9d0925cffb7d9b8f3162fbdaad","2017-04-16T10:43:52Z","0.0162","31","256","27","0","8","6","{'long_function': 1, 'too_many_parameters': 0, 'deep_nesting': 5, 'large_file': 0, 'god_class': 0}","0","0"
"https://github.com/pallets/click.git","click/exceptions.py","5f2ff4faf627dc9d0925cffb7d9b8f3162fbdaad","2017-04-16T10:43:52Z","0.0563","34","168","17","9","5","2","{'long_function': 0, 'too_many_parameters': 1, 'deep_nesting': 1, 'large_file': 0, 'god_class': 0}","13.6","0"
"https://github.com/pallets/click.git","click/formatting.py","5f2ff4faf627dc9d0925cffb7d9b8f3162fbdaad","2017-04-16T10:43:52Z","0.0162","29","210","17","1","5","3","{'long_function': 1, 'too_many_parameters': 0, 'deep_nesting': 1, 'large_file': 0, 'god_class': 1}","16.5","0"
"https://github.com/pallets/click.git","click/globals.py","5f2ff4faf627dc9d0925cffb7d9b8f3162fbdaad","2017-04-16T10:43:52Z","0.0307","5","35","4","0","3","0","{'long_function': 0, 'too_many_parameters': 0, 'deep_nesting': 0, 'large_file': 0, 'god_class': 0}","88.25","0"
"https://github.com/pallets/click.git","click/parser.py","5f2ff4faf627dc9d0925cffb7d9b8f3162fbdaad","2017-04-16T10:43:52Z","0.0231","73","303","21","4","7","16","{'long_function': 0, 'too_many_parameters': 2, 'deep_nesting': 14, 'large_file': 0, 'god_class': 0}","0","0"
"https://github.com/pallets/click.git","click/termui.py","5f2ff4faf627dc9d0925cffb7d9b8f3162fbdaad","2017-04-16T10:43:52Z","0.0228","66","444","17","0","5","12","{'long_function': 3, 'too_many_parameters': 7, 'deep_nesting': 2, 'large_file': 0, 'god_class': 0}","0","0"
"https://github.com/pallets/click.git","click/testing.py","5f2ff4faf627dc9d0925cffb7d9b8f3162fbdaad","2017-04-16T10:43:52Z","0.0146","38","266","22","3","6","12","{'long_function': 2, 'too_many_parameters': 2, 'deep_nesting': 8, 'large_file': 0, 'god_class': 0}","0","0"
"https://github.com/pallets/click.git","click/types.py","5f2ff4faf627dc9d0925cffb7d9b8f3162fbdaad","2017-04-16T10:43:52Z","0.0197","95","438","43","15","6","10","{'long_function': 0, 'too_many_parameters': 2, 'deep_nesting': 8, 'large_file': 0, 'god_class': 0}","0","0"
"https://github.com/pallets/click.git","click/utils.py","5f2ff4faf627dc9d0925cffb7d9b8f3162fbdaad","2017-04-16T10:43:52Z","0.0551","52","324","27","2","6","5","{'long_function': 1, 'too_many_parameters': 2, 'deep_nesting': 2, 'large_file': 0, 'god_class': 0}","0","0"
"https://github.com/pallets/click.git","click/_bashcomplete.py","5f2ff4faf627dc9d0925cffb7d9b8f3162fbdaad","2017-04-16T10:43:52Z","0.0162","46","158","9","0","4","1","{'long_function': 1, 'too_many_parameters': 0, 'deep_nesting': 0, 'large_file': 0, 'god_class': 0}","0","1"
"https://github.com/pallets/click.git","click/_compat.py","5f2ff4faf627dc9d0925cffb7d9b8f3162fbdaad","2017-04-16T10:43:52Z","0.0954","93","455","62","3","5","2","{'long_function': 0, 'too_many_parameters': 0, 'deep_nesting': 2, 'large_file': 0, 'god_class': 0}","0","0"
"https://github.com/pallets/click.git","click/_termui_impl.py","5f2ff4faf627dc9d0925cffb7d9b8f3162fbdaad","2017-04-16T10:43:52Z","0.0146","117","470","31","2","5","8","{'long_function': 1, 'too_many_parameters': 1, 'deep_nesting': 5, 'large_file': 0, 'god_class': 1}","0","0"
"https://github.com/pallets/click.git","click/_textwrap.py","5f2ff4faf627dc9d0925cffb7d9b8f3162fbdaad","2017-04-16T10:43:52Z","0.0181","5","32","3","1","4","0","{'long_function': 0, 'too_many_parameters': 0, 'deep_nesting': 0, 'large_file': 0, 'god_class': 0}","88.4","0"
"https://github.com/pallets/click.git","click/_unicodefun.py","5f2ff4faf627dc9d0925cffb7d9b8f3162fbdaad","2017-04-16T10:43:52Z","0.019","24","100","3","0","5","2","{'long_function': 1, 'too_many_parameters': 0, 'deep_nesting': 1, 'large_file': 0, 'god_class': 0}","37.0","1"
"https://github.com/pallets/click.git","click/_winconsole.py","5f2ff4faf627dc9d0925cffb7d9b8f3162fbdaad","2017-04-16T10:43:52Z","0.1074","32","198","21","5","5","3","{'long_function': 0, 'too_many_parameters': 0, 'deep_nesting': 3, 'large_file': 0, 'god_class': 0}","11.1","0"
"https://github.com/pallets/click.git","click/__init__.py","5f2ff4faf627dc9d0925cffb7d9b8f3162fbdaad","2017-04-16T10:43:52Z","0.0146","1","51","0","0","0","0","{'long_function': 0, 'too_many_parameters': 0, 'deep_nesting': 0, 'large_file': 0, 'god_class': 0}","95.45","0"
"https://github.com/pallets/click.git","docs/clickdoctools.py","5f2ff4faf627dc9d0925cffb7d9b8f3162fbdaad","2017-04-16T10:43:52Z","0.0146","32","226","25","5","6","6","{'long_function': 0, 'too_many_parameters': 1, 'deep_nesting': 5, 'large_file': 0, 'god_class': 0}","0","0"
"https://github.com/pallets/click.git","docs/conf.py","5f2ff4faf627dc9d0925cffb7d9b8f3162fbdaad","2017-04-16T10:43:52Z","0.0146","1","35","0","0","0","0","{'long_function': 0, 'too_many_parameters': 0, 'deep_nesting': 0, 'large_file': 0, 'god_class': 0}","96.25","0"
"https://github.com/pallets/click.git","examples/aliases/aliases.py","5f2ff4faf627dc9d0925cffb7d9b8f3162fbdaad","2017-04-16T10:43:52Z","0.0146","10","76","10","2","4","0","{'long_function': 0, 'too_many_parameters': 0, 'deep_nesting': 0, 'large_file': 0, 'god_class': 0}","76.2","0"
"https://github.com/pallets/click.git","examples/aliases/setup.py","5f2ff4faf627dc9d0925cffb7d9b8f3162fbdaad","2017-04-16T10:43:52Z","0.0146","1","14","0","0","0","0","{'long_function': 0, 'too_many_parameters': 0, 'deep_nesting': 0, 'large_file': 0, 'god_class': 0}","97.3","0"
"https://github.com/pallets/click.git","examples/bashcompletion/bashcompletion.py","5f2ff4faf627dc9d0925cffb7d9b8f3162fbdaad","2017-04-16T10:43:52Z","0.0146","1","23","6","0","1","0","{'long_function': 0, 'too_many_parameters': 0, 'deep_nesting': 0, 'large_file': 0, 'god_class': 0}","96.85","0"
"https://github.com/pallets/click.git","examples/bashcompletion/setup.py","5f2ff4faf627dc9d0925cffb7d9b8f3162fbdaad","2017-04-16T10:43:52Z","0.0146","1","14","0","0","0","0","{'long_function': 0, 'too_many_parameters': 0, 'deep_nesting': 0, 'large_file': 0, 'god_class': 0}","97.3","0"
"https://github.com/pallets/click.git","examples/colors/colors.py","5f2ff4faf627dc9d0925cffb7d9b8f3162fbdaad","2017-04-16T10:43:52Z","0.0146","4","20","1","0","2","0","{'long_function': 0, 'too_many_parameters': 0, 'deep_nesting': 0, 'large_file': 0, 'god_class': 0}","91.0","0"
"https://github.com/pallets/click.git","examples/colors/setup.py","5f2ff4faf627dc9d0925cffb7d9b8f3162fbdaad","2017-04-16T10:43:52Z","0.0146","1","15","0","0","0","0","{'long_function': 0, 'too_many_parameters': 0, 'deep_nesting': 0, 'large_file': 0, 'god_class': 0}","97.25","0"
"https://github.com/pallets/click.git","examples/complex/setup.py","5f2ff4faf627dc9d0925cffb7d9b8f3162fbdaad","2017-04-16T10:43:52Z","0.0146","1","14","0","0","0","0","{'long_function': 0, 'too_many_parameters': 0, 'deep_nesting': 0, 'large_file': 0, 'god_class': 0}","97.3","0"
"https://github.com/pallets/click.git","examples/complex/complex/cli.py","5f2ff4faf627dc9d0925cffb7d9b8f3162fbdaad","2017-04-16T10:43:52Z","0.0146","9","50","6","2","4","0","{'long_function': 0, 'too_many_parameters': 0, 'deep_nesting': 0, 'large_file': 0, 'god_class': 0}","79.5","0"
"https://github.com/pallets/click.git","examples/complex/complex/__init__.py","5f2ff4faf627dc9d0925cffb7d9b8f3162fbdaad","2017-04-16T10:43:52Z","0.0146","1","0","0","0","0","0","{'long_function': 0, 'too_many_parameters': 0, 'deep_nesting': 0, 'large_file': 0, 'god_class': 0}","98.0","0"
"https://github.com/pallets/click.git","examples/complex/complex/commands/cmd_init.py","5f2ff4faf627dc9d0925cffb7d9b8f3162fbdaad","2017-04-16T10:43:52Z","0.0146","2","11","1","0","2","0","{'long_function': 0, 'too_many_parameters': 0, 'deep_nesting': 0, 'large_file': 0, 'god_class': 0}","95.45","0"
"https://github.com/pallets/click.git","examples/complex/complex/commands/cmd_status.py","5f2ff4faf627dc9d0925cffb7d9b8f3162fbdaad","2017-04-16T10:43:52Z","0.0146","1","8","1","0","1","0","{'long_function': 0, 'too_many_parameters': 0, 'deep_nesting': 0, 'large_file': 0, 'god_class': 0}","97.6","0"
"https://github.com/pallets/click.git","examples/complex/complex/commands/__init__.py","5f2ff4faf627dc9d0925cffb7d9b8f3162fbdaad","2017-04-16T10:43:52Z","0.0146","1","0","0","0","0","0","{'long_function': 0, 'too_many_parameters': 0, 'deep_nesting': 0, 'large_file': 0, 'god_class': 0}","98.0","0"
"https://github.com/pallets/click.git","examples/imagepipe/imagepipe.py","5f2ff4faf627dc9d0925cffb7d9b8f3162fbdaad","2017-04-16T10:43:52Z","0.0146","39","219","21","0","4","0","{'long_function': 0, 'too_many_parameters': 0, 'deep_nesting': 0, 'large_file': 0, 'god_class': 0}","11.05","0"
"https://github.com/pallets/click.git","examples/imagepipe/setup.py","5f2ff4faf627dc9d0925cffb7d9b8f3162fbdaad","2017-04-16T10:43:52Z","0.0146","1","15","0","0","0","0","{'long_function': 0, 'too_many_parameters': 0, 'deep_nesting': 0, 'large_file': 0, 'god_class': 0}","97.25","0"
"https://github.com/pallets/click.git","examples/inout/inout.py","5f2ff4faf627dc9d0925cffb7d9b8f3162fbdaad","2017-04-16T10:43:52Z","0.0146","4","25","1","0","4","0","{'long_function': 0, 'too_many_parameters': 0, 'deep_nesting': 0, 'large_file': 0, 'god_class': 0}","90.75","0"
"https://github.com/pallets/click.git","examples/inout/setup.py","5f2ff4faf627dc9d0925cffb7d9b8f3162fbdaad","2017-04-16T10:43:52Z","0.0146","1","14","0","0","0","0","{'long_function': 0, 'too_many_parameters': 0, 'deep_nesting': 0, 'large_file': 0, 'god_class': 0}","97.3","0"
"https://github.com/pallets/click.git","examples/naval/naval.py","5f2ff4faf627dc9d0925cffb7d9b8f3162fbdaad","2017-04-16T10:43:52Z","0.0146","1","53","8","0","1","0","{'long_function': 0, 'too_many_parameters': 0, 'deep_nesting': 0, 'large_file': 0, 'god_class': 0}","95.35","0"
"https://github.com/pallets/click.git","examples/naval/setup.py","5f2ff4faf627dc9d0925cffb7d9b8f3162fbdaad","2017-04-16T10:43:52Z","0.0146","1","14","0","0","0","0","{'long_function': 0, 'too_many_parameters': 0, 'deep_nesting': 0, 'large_file': 0, 'god_class': 0}","97.3","0"
"https://github.com/pallets/click.git","examples/repo/repo.py","5f2ff4faf627dc9d0925cffb7d9b8f3162fbdaad","2017-04-16T10:43:52Z","0.0146","11","122","9","1","3","0","{'long_function': 0, 'too_many_parameters': 0, 'deep_nesting': 0, 'large_file': 0, 'god_class': 0}","71.9","0"
"https://github.com/pallets/click.git","examples/repo/setup.py","5f2ff4faf627dc9d0925cffb7d9b8f3162fbdaad","2017-04-16T10:43:52Z","0.0146","1","14","0","0","0","0","{'long_function': 0, 'too_many_parameters': 0, 'deep_nesting': 0, 'large_file': 0, 'god_class': 0}","97.3","0"
"https://github.com/pallets/click.git","examples/termui/setup.py","5f2ff4faf627dc9d0925cffb7d9b8f3162fbdaad","2017-04-16T10:43:52Z","0.0146","1","15","0","0","0","0","{'long_function': 0, 'too_many_parameters': 0, 'deep_nesting': 0, 'large_file': 0, 'god_class': 0}","97.25","0"
"https://github.com/pallets/click.git","examples/termui/termui.py","5f2ff4faf627dc9d0925cffb7d9b8f3162fbdaad","2017-04-16T10:43:52Z","0.0228","22","125","13","0","5","3","{'long_function': 0, 'too_many_parameters': 0, 'deep_nesting': 3, 'large_file': 0, 'god_class': 0}","34.75","0"
"https://github.com/pallets/click.git","examples/validation/setup.py","5f2ff4faf627dc9d0925cffb7d9b8f3162fbdaad","2017-04-16T10:43:52Z","0.0146","1","14","0","0","0","0","{'long_function': 0, 'too_many_parameters': 0, 'deep_nesting': 0, 'large_file': 0, 'god_class': 0}","97.3","0"
"https://github.com/pallets/click.git","examples/validation/validation.py","5f2ff4faf627dc9d0925cffb7d9b8f3162fbdaad","2017-04-16T10:43:52Z","0.0146","8","36","3","1","4","0","{'long_function': 0, 'too_many_parameters': 0, 'deep_nesting': 0, 'large_file': 0, 'god_class': 0}","82.2","0"
"https://github.com/pallets/click.git","tests/conftest.py","5f2ff4faf627dc9d0925cffb7d9b8f3162fbdaad","2017-04-16T10:43:52Z","0.0146","1","5","1","0","1","0","{'long_function': 0, 'too_many_parameters': 0, 'deep_nesting': 0, 'large_file': 0, 'god_class': 0}","97.75","0"
"https://github.com/pallets/click.git","tests/test_arguments.py","5f2ff4faf627dc9d0925cffb7d9b8f3162fbdaad","2017-04-16T10:43:52Z","0.0146","14","228","36","0","4","0","{'long_function': 0, 'too_many_parameters': 0, 'deep_nesting': 0, 'large_file': 0, 'god_class': 0}","60.6","0"
"https://github.com/pallets/click.git","tests/test_bashcomplete.py","5f2ff4faf627dc9d0925cffb7d9b8f3162fbdaad","2017-04-16T10:43:52Z","0.0146","2","190","36","0","3","0","{'long_function': 0, 'too_many_parameters': 0, 'deep_nesting': 0, 'large_file': 0, 'god_class': 0}","86.5","1"
"https://github.com/pallets/click.git","tests/test_basic.py","5f2ff4faf627dc9d0925cffb7d9b8f3162fbdaad","2017-04-16T10:43:52Z","0.0146","4","368","51","0","3","0","{'long_function': 0, 'too_many_parameters': 0, 'deep_nesting': 0, 'large_file': 0, 'god_class': 0}","73.6","0"
"https://github.com/pallets/click.git","tests/test_chain.py","5f2ff4faf627dc9d0925cffb7d9b8f3162fbdaad","2017-04-16T10:43:52Z","0.0146","6","200","40","0","4","0","{'long_function': 0, 'too_many_parameters': 0, 'deep_nesting': 0, 'large_file': 0, 'god_class': 0}","78.0","0"
"https://github.com/pallets/click.git","tests/test_commands.py","5f2ff4faf627dc9d0925cffb7d9b8f3162fbdaad","2017-04-16T10:43:52Z","0.0146","7","198","36","1","4","1","{'long_function': 1, 'too_many_parameters': 0, 'deep_nesting': 0, 'large_file': 0, 'god_class': 0}","71.1","0"
"https://github.com/pallets/click.git","tests/test_compat.py","5f2ff4faf627dc9d0925cffb7d9b8f3162fbdaad","2017-04-16T10:43:52Z","0.0146","2","18","4","0","3","0","{'long_function': 0, 'too_many_parameters': 0, 'deep_nesting': 0, 'large_file': 0, 'god_class': 0}","95.1","0"
"https://github.com/pallets/click.git","tests/test_context.py","5f2ff4faf627dc9d0925cffb7d9b8f3162fbdaad","2017-04-16T10:43:52Z","0.0146","1","147","33","4","3","0","{'long_function': 0, 'too_many_parameters': 0, 'deep_nesting': 0, 'large_file': 0, 'god_class': 0}","90.65","0"
"https://github.com/pallets/click.git","tests/test_defaults.py","5f2ff4faf627dc9d0925cffb7d9b8f3162fbdaad","2017-04-16T10:43:52Z","0.0146","3","37","6","0","3","0","{'long_function': 0, 'too_many_parameters': 0, 'deep_nesting': 0, 'large_file': 0, 'god_class': 0}","92.15","0"
"https://github.com/pallets/click.git","tests/test_formatting.py","5f2ff4faf627dc9d0925cffb7d9b8f3162fbdaad","2017-04-16T10:43:52Z","0.0146","1","177","21","0","2","0","{'long_function': 0, 'too_many_parameters': 0, 'deep_nesting': 0, 'large_file': 0, 'god_class': 0}","89.15","0"
"https://github.com/pallets/click.git","tests/test_imports.py","5f2ff4faf627dc9d0925cffb7d9b8f3162fbdaad","2017-04-16T10:43:52Z","0.0146","6","44","1","0","3","0","{'long_function': 0, 'too_many_parameters': 0, 'deep_nesting': 0, 'large_file': 0, 'god_class': 0}","85.8","0"
"https://github.com/pallets/click.git","tests/test_normalization.py","5f2ff4faf627dc9d0925cffb7d9b8f3162fbdaad","2017-04-16T10:43:52Z","0.0146","1","27","7","0","2","0","{'long_function': 0, 'too_many_parameters': 0, 'deep_nesting': 0, 'large_file': 0, 'god_class': 0}","96.65","0"
"https://github.com/pallets/click.git","tests/test_options.py","5f2ff4faf627dc9d0925cffb7d9b8f3162fbdaad","2017-04-16T10:43:52Z","0.0146","10","260","45","2","3","0","{'long_function': 0, 'too_many_parameters': 0, 'deep_nesting': 0, 'large_file': 0, 'god_class': 0}","67.0","0"
"https://github.com/pallets/click.git","tests/test_termui.py","5f2ff4faf627dc9d0925cffb7d9b8f3162fbdaad","2017-04-16T10:43:52Z","0.0146","4","52","12","1","4","0","{'long_function': 0, 'too_many_parameters': 0, 'deep_nesting': 0, 'large_file': 0, 'god_class': 0}","89.4","0"
"https://github.com/pallets/click.git","tests/test_testing.py","5f2ff4faf627dc9d0925cffb7d9b8f3162fbdaad","2017-04-16T10:43:52Z","0.0146","6","167","24","1","4","0","{'long_function': 0, 'too_many_parameters': 0, 'deep_nesting': 0, 'large_file': 0, 'god_class': 0}","79.65","0"
"https://github.com/pallets/click.git","tests/test_utils.py","5f2ff4faf627dc9d0925cffb7d9b8f3162fbdaad","2017-04-16T10:43:52Z","0.0146","12","221","18","0","4","1","{'long_function': 1, 'too_many_parameters': 0, 'deep_nesting': 0, 'large_file': 0, 'god_class': 0}","59.95","0"
"https://github.com/pallets/click.git","setup.py","9cfa961deed93af69ab43b679f0a0308fd518ecc","2020-06-11T20:14:40Z","0.0091","1","2","0","0","0","0","{'long_function': 0, 'too_many_parameters': 0, 'deep_nesting': 0, 'large_file': 0, 'god_class': 0}","97.9","0"
"https://github.com/pallets/click.git","docs/conf.py","9cfa961deed93af69ab43b679f0a0308fd518ecc","2020-06-11T20:14:40Z","0.0091","1","40","0","0","0","0","{'long_function': 0, 'too_many_parameters': 0, 'deep_nesting': 0, 'large_file': 0, 'god_class': 0}","96.0","0"
"https://github.com/pallets/click.git","examples/aliases/aliases.py","9cfa961deed93af69ab43b679f0a0308fd518ecc","2020-06-11T20:14:40Z","0.0091","10","99","13","2","4","0","{'long_function': 0, 'too_many_parameters': 0, 'deep_nesting': 0, 'large_file': 0, 'god_class': 0}","75.05","0"
"https://github.com/pallets/click.git","examples/aliases/setup.py","9cfa961deed93af69ab43b679f0a0308fd518ecc","2020-06-11T20:14:40Z","0.0091","1","12","0","0","0","0","{'long_function': 0, 'too_many_parameters': 0, 'deep_nesting': 0, 'large_file': 0, 'god_class': 0}","97.4","0"
"https://github.com/pallets/click.git","examples/bashcompletion/bashcompletion.py","9cfa961deed93af69ab43b679f0a0308fd518ecc","2020-06-11T20:14:40Z","0.0091","6","25","6","0","3","0","{'long_function': 0, 'too_many_parameters': 0, 'deep_nesting': 0, 'large_file': 0, 'god_class': 0}","86.75","0"
"https://github.com/pallets/click.git","examples/bashcompletion/setup.py","9cfa961deed93af69ab43b679f0a0308fd518ecc","2020-06-11T20:14:40Z","0.0091","1","12","0","0","0","0","{'long_function': 0, 'too_many_parameters': 0, 'deep_nesting': 0, 'large_file': 0, 'god_class': 0}","97.4","0"
"https://github.com/pallets/click.git","examples/colors/colors.py","9cfa961deed93af69ab43b679f0a0308fd518ecc","2020-06-11T20:14:40Z","0.0091","4","34","1","0","2","0","{'long_function': 0, 'too_many_parameters': 0, 'deep_nesting': 0, 'large_file': 0, 'god_class': 0}","90.3","0"
"https://github.com/pallets/click.git","examples/colors/setup.py","9cfa961deed93af69ab43b679f0a0308fd518ecc","2020-06-11T20:14:40Z","0.0091","1","15","0","0","0","0","{'long_function': 0, 'too_many_parameters': 0, 'deep_nesting': 0, 'large_file': 0, 'god_class': 0}","97.25","0"
"https://github.com/pallets/click.git","examples/complex/setup.py","9cfa961deed93af69ab43b679f0a0308fd518ecc","2020-06-11T20:14:40Z","0.0091","1","12","0","0","0","0","{'long_function': 0, 'too_many_parameters': 0, 'deep_nesting': 0, 'large_file': 0, 'god_class': 0}","97.4","0"
"https://github.com/pallets/click.git","examples/complex/complex/cli.py","9cfa961deed93af69ab43b679f0a0308fd518ecc","2020-06-11T20:14:40Z","0.0091","8","46","6","2","4","0","{'long_function': 0, 'too_many_parameters': 0, 'deep_nesting': 0, 'large_file': 0, 'god_class': 0}","81.7","0"
"https://github.com/pallets/click.git","examples/complex/complex/__init__.py","9cfa961deed93af69ab43b679f0a0308fd518ecc","2020-06-11T20:14:40Z","0.0091","1","0","0","0","0","0","{'long_function': 0, 'too_many_parameters': 0, 'deep_nesting': 0, 'large_file': 0, 'god_class': 0}","98.0","0"
"https://github.com/pallets/click.git","examples/complex/complex/commands/cmd_init.py","9cfa961deed93af69ab43b679f0a0308fd518ecc","2020-06-11T20:14:40Z","0.0091","2","10","1","0","2","0","{'long_function': 0, 'too_many_parameters': 0, 'deep_nesting': 0, 'large_file': 0, 'god_class': 0}","95.5","0"
"https://github.com/pallets/click.git","examples/complex/complex/commands/cmd_status.py","9cfa961deed93af69ab43b679f0a0308fd518ecc","2020-06-11T20:14:40Z","0.0091","1","8","1","0","1","0","{'long_function': 0, 'too_many_parameters': 0, 'deep_nesting': 0, 'large_file': 0, 'god_class': 0}","97.6","0"
"https://github.com/pallets/click.git","examples/complex/complex/commands/__init__.py","9cfa961deed93af69ab43b679f0a0308fd518ecc","2020-06-11T20:14:40Z","0.0091","1","0","0","0","0","0","{'long_function': 0, 'too_many_parameters': 0, 'deep_nesting': 0, 'large_file': 0, 'god_class': 0}","98.0","0"
"https://github.com/pallets/click.git","examples/imagepipe/imagepipe.py","9cfa961deed93af69ab43b679f0a0308fd518ecc","2020-06-11T20:14:40Z","0.0091","35","234","21","0","4","0","{'long_function': 0, 'too_many_parameters': 0, 'deep_nesting': 0, 'large_file': 0, 'god_class': 0}","18.3","0"
"https://github.com/pallets/click.git","examples/imagepipe/setup.py","9cfa961deed93af69ab43b679f0a0308fd518ecc","2020-06-11T20:14:40Z","0.0091","1","12","0","0","0","0","{'long_function': 0, 'too_many_parameters': 0, 'deep_nesting': 0, 'large_file': 0, 'god_class': 0}","97.4","0"
"https://github.com/pallets/click.git","examples/inout/inout.py","9cfa961deed93af69ab43b679f0a0308fd518ecc","2020-06-11T20:14:40Z","0.0091","4","25","1","0","4","0","{'long_function': 0, 'too_many_parameters': 0, 'deep_nesting': 0, 'large_file': 0, 'god_class': 0}","90.75","0"
"https://github.com/pallets/click.git","examples/inout/setup.py","9cfa961deed93af69ab43b679f0a0308fd518ecc","2020-06-11T20:14:40Z","0.0091","1","12","0","0","0","0","{'long_function': 0, 'too_many_parameters': 0, 'deep_nesting': 0, 'large_file': 0, 'god_class': 0}","97.4","0"
"https://github.com/pallets/click.git","examples/naval/naval.py","9cfa961deed93af69ab43b679f0a0308fd518ecc","2020-06-11T20:14:40Z","0.0091","1","55","8","0","1","0","{'long_function': 0, 'too_many_parameters': 0, 'deep_nesting': 0, 'large_file': 0, 'god_class': 0}","95.25","0"
"https://github.com/pallets/click.git","examples/naval/setup.py","9cfa961deed93af69ab43b679f0a0308fd518ecc","2020-06-11T20:14:40Z","0.0091","1","12","0","0","0","0","{'long_function': 0, 'too_many_parameters': 0, 'deep_nesting': 0, 'large_file': 0, 'god_class': 0}","97.4","0"
"https://github.com/pallets/click.git","examples/repo/repo.py","9cfa961deed93af69ab43b679f0a0308fd518ecc","2020-06-11T20:14:40Z","0.0091","11","138","9","1","3","0","{'long_function': 0, 'too_many_parameters': 0, 'deep_nesting': 0, 'large_file': 0, 'god_class': 0}","71.1","0"
"https://github.com/pallets/click.git","examples/repo/setup.py","9cfa961deed93af69ab43b679f0a0308fd518ecc","2020-06-11T20:14:40Z","0.0091","1","12","0","0","0","0","{'long_function': 0, 'too_many_parameters': 0, 'deep_nesting': 0, 'large_file': 0, 'god_class': 0}","97.4","0"
"https://github.com/pallets/click.git","examples/termui/setup.py","9cfa961deed93af69ab43b679f0a0308fd518ecc","2020-06-11T20:14:40Z","0.0091","1","15","0","0","0","0","{'long_function': 0, 'too_many_parameters': 0, 'deep_nesting': 0, 'large_file': 0, 'god_class': 0}","97.25","0"
"https://github.com/pallets/click.git","examples/termui/termui.py","9cfa961deed93af69ab43b679f0a0308fd518ecc","2020-06-11T20:14:40Z","0.016","21","139","13","0","5","4","{'long_function': 1, 'too_many_parameters': 0, 'deep_nesting': 3, 'large_file': 0, 'god_class': 0}","31.05","0"
"https://github.com/pallets/click.git","examples/validation/setup.py","9cfa961deed93af69ab43b679f0a0308fd518ecc","2020-06-11T20:14:40Z","0.0091","1","12","0","0","0","0","{'long_function': 0, 'too_many_parameters': 0, 'deep_nesting': 0, 'large_file': 0, 'god_class': 0}","97.4","0"
"https://github.com/pallets/click.git","examples/validation/validation.py","9cfa961deed93af69ab43b679f0a0308fd518ecc","2020-06-11T20:14:40Z","0.0091","7","39","3","1","4","0","{'long_function': 0, 'too_many_parameters': 0, 'deep_nesting': 0, 'large_file': 0, 'god_class': 0}","84.05","0"
"https://github.com/pallets/click.git","src/click/core.py","9cfa961deed93af69ab43b679f0a0308fd518ecc","2020-06-11T20:14:40Z","0.0153","290","1627","118","10","6","42","{'long_function': 4, 'too_many_parameters': 6, 'deep_nesting': 28, 'large_file': 1, 'god_class': 3}","0","1"
"https://github.com/pallets/click.git","src/click/decorators.py","9cfa961deed93af69ab43b679f0a0308fd518ecc","2020-06-11T20:14:40Z","0.0112","31","259","27","0","8","6","{'long_function': 1, 'too_many_parameters': 0, 'deep_nesting': 5, 'large_file': 0, 'god_class': 0}","0","0"
"https://github.com/pallets/click.git","src/click/exceptions.py","9cfa961deed93af69ab43b679f0a0308fd518ecc","2020-06-11T20:14:40Z","0.0467","27","175","19","10","5","2","{'long_function': 0, 'too_many_parameters': 1, 'deep_nesting': 1, 'large_file': 0, 'god_class': 0}","27.25","0"
"https://github.com/pallets/click.git","src/click/formatting.py","9cfa961deed93af69ab43b679f0a0308fd518ecc","2020-06-11T20:14:40Z","0.0112","30","228","17","1","5","4","{'long_function': 1, 'too_many_parameters': 0, 'deep_nesting': 2, 'large_file': 0, 'god_class': 1}","8.6","0"
"https://github.com/pallets/click.git","src/click/globals.py","9cfa961deed93af69ab43b679f0a0308fd518ecc","2020-06-11T20:14:40Z","0.0296","5","35","4","0","3","0","{'long_function': 0, 'too_many_parameters': 0, 'deep_nesting': 0, 'large_file': 0, 'god_class': 0}","88.25","0"
"https://github.com/pallets/click.git","src/click/parser.py","9cfa961deed93af69ab43b679f0a0308fd518ecc","2020-06-11T20:14:40Z","0.0158","73","306","21","4","7","16","{'long_function': 0, 'too_many_parameters': 2, 'deep_nesting': 14, 'large_file': 0, 'god_class': 0}","0","1"
"https://github.com/pallets/click.git","src/click/termui.py","9cfa961deed93af69ab43b679f0a0308fd518ecc","2020-06-11T20:14:40Z","0.016","70","563","19","0","6","14","{'long_function': 3, 'too_many_parameters': 7, 'deep_nesting': 3, 'large_file': 1, 'god_class': 0}","0","1"
"https://github.com/pallets/click.git","src/click/testing.py","9cfa961deed93af69ab43b679f0a0308fd518ecc","2020-06-11T20:14:40Z","0.0091","37","293","24","3","6","13","{'long_function': 2, 'too_many_parameters': 2, 'deep_nesting': 9, 'large_file': 0, 'god_class': 0}","0","1"
"https://github.com/pallets/click.git","src/click/types.py","9cfa961deed93af69ab43b679f0a0308fd518ecc","2020-06-11T20:14:40Z","0.0157","98","545","48","16","6","10","{'long_function': 0, 'too_many_parameters': 2, 'deep_nesting': 7, 'large_file': 1, 'god_class': 0}","0","1"
"https://github.com/pallets/click.git","src/click/utils.py","9cfa961deed93af69ab43b679f0a0308fd518ecc","2020-06-11T20:14:40Z","0.0456","46","345","30","3","6","6","{'long_function': 2, 'too_many_parameters': 2, 'deep_nesting': 2, 'large_file': 0, 'god_class': 0}","0","0"
"https://github.com/pallets/click.git","src/click/_bashcomplete.py","9cfa961deed93af69ab43b679f0a0308fd518ecc","2020-06-11T20:14:40Z","0.0104","69","300","12","0","6","5","{'long_function': 1, 'too_many_parameters': 0, 'deep_nesting': 4, 'large_file': 0, 'god_class': 0}","0","0"
"https://github.com/pallets/click.git","src/click/_compat.py","9cfa961deed93af69ab43b679f0a0308fd518ecc","2020-06-11T20:14:40Z","0.248","89","441","54","3","5","4","{'long_function': 1, 'too_many_parameters': 2, 'deep_nesting': 1, 'large_file': 0, 'god_class': 0}","0","0"
"https://github.com/pallets/click.git","src/click/_termui_impl.py","9cfa961deed93af69ab43b679f0a0308fd518ecc","2020-06-11T20:14:40Z","0.0113","126","518","36","2","5","9","{'long_function': 2, 'too_many_parameters': 1, 'deep_nesting': 4, 'large_file': 1, 'god_class': 1}","0","1"
"https://github.com/pallets/click.git","src/click/_textwrap.py","9cfa961deed93af69ab43b679f0a0308fd518ecc","2020-06-11T20:14:40Z","0.0115","5","32","3","1","4","0","{'long_function': 0, 'too_many_parameters': 0, 'deep_nesting': 0, 'large_file': 0, 'god_class': 0}","88.4","0"
"https://github.com/pallets/click.git","src/click/_unicodefun.py","9cfa961deed93af69ab43b679f0a0308fd518ecc","2020-06-11T20:14:40Z","0.0104","16","71","1","0","5","2","{'long_function': 1, 'too_many_parameters': 0, 'deep_nesting': 1, 'large_file': 0, 'god_class': 0}","54.45","0"
"https://github.com/pallets/click.git","src/click/_winconsole.py","9cfa961deed93af69ab43b679f0a0308fd518ecc","2020-06-11T20:14:40Z","0.2198","25","232","23","6","4","0","{'long_function': 0, 'too_many_parameters': 0, 'deep_nesting': 0, 'large_file': 0, 'god_class': 0}","38.4","1"
"https://github.com/pallets/click.git","src/click/__init__.py","9cfa961deed93af69ab43b679f0a0308fd518ecc","2020-06-11T20:14:40Z","0.0091","1","74","0","0","0","0","{'long_function': 0, 'too_many_parameters': 0, 'deep_nesting': 0, 'large_file': 0, 'god_class': 0}","94.3","0"
"https://github.com/pallets/click.git","tests/conftest.py","9cfa961deed93af69ab43b679f0a0308fd518ecc","2020-06-11T20:14:40Z","0.0091","1","5","1","0","1","0","{'long_function': 0, 'too_many_parameters': 0, 'deep_nesting': 0, 'large_file': 0, 'god_class': 0}","97.75","0"
"https://github.com/pallets/click.git","tests/test_arguments.py","9cfa961deed93af69ab43b679f0a0308fd518ecc","2020-06-11T20:14:40Z","0.0091","7","229","41","0","4","0","{'long_function': 0, 'too_many_parameters': 0, 'deep_nesting': 0, 'large_file': 0, 'god_class': 0}","74.55","1"
"https://github.com/pallets/click.git","tests/test_bashcomplete.py","9cfa961deed93af69ab43b679f0a0308fd518ecc","2020-06-11T20:14:40Z","0.0091","8","425","66","0","4","3","{'long_function': 3, 'too_many_parameters': 0, 'deep_nesting': 0, 'large_file': 0, 'god_class': 0}","47.75","0"
"https://github.com/pallets/click.git","tests/test_basic.py","9cfa961deed93af69ab43b679f0a0308fd518ecc","2020-06-11T20:14:40Z","0.0091","7","429","61","0","3","0","{'long_function': 0, 'too_many_parameters': 0, 'deep_nesting': 0, 'large_file': 0, 'god_class': 0}","64.55","1"
"https://github.com/pallets/click.git","tests/test_chain.py","9cfa961deed93af69ab43b679f0a0308fd518ecc","2020-06-11T20:14:40Z","0.0091","6","171","40","0","4","0","{'long_function': 0, 'too_many_parameters': 0, 'deep_nesting': 0, 'large_file': 0, 'god_class': 0}","79.45","0"
"https://github.com/pallets/click.git","tests/test_commands.py","9cfa961deed93af69ab43b679f0a0308fd518ecc","2020-06-11T20:14:40Z","0.0091","6","231","43","1","4","1","{'long_function': 1, 'too_many_parameters': 0, 'deep_nesting': 0, 'large_file': 0, 'god_class': 0}","71.45","1"
"https://github.com/pallets/click.git","tests/test_compat.py","9cfa961deed93af69ab43b679f0a0308fd518ecc","2020-06-11T20:14:40Z","0.0091","1","20","3","1","2","0","{'long_function': 0, 'too_many_parameters': 0, 'deep_nesting': 0, 'large_file': 0, 'god_class': 0}","97.0","0"
"https://github.com/pallets/click.git","tests/test_context.py","9cfa961deed93af69ab43b679f0a0308fd518ecc","2020-06-11T20:14:40Z","0.0091","1","235","51","5","3","0","{'long_function': 0, 'too_many_parameters': 0, 'deep_nesting': 0, 'large_file': 0, 'god_class': 0}","86.25","1"
"https://github.com/pallets/click.git","tests/test_defaults.py","9cfa961deed93af69ab43b679f0a0308fd518ecc","2020-06-11T20:14:40Z","0.0091","3","31","6","0","3","0","{'long_function': 0, 'too_many_parameters': 0, 'deep_nesting': 0, 'large_file': 0, 'god_class': 0}","92.45","0"
"https://github.com/pallets/click.git","tests/test_formatting.py","9cfa961deed93af69ab43b679f0a0308fd518ecc","2020-06-11T20:14:40Z","0.0091","1","291","36","1","3","0","{'long_function': 0, 'too_many_parameters': 0, 'deep_nesting': 0, 'large_file': 0, 'god_class': 0}","83.45","0"
"https://github.com/pallets/click.git","tests/test_imports.py","9cfa961deed93af69ab43b679f0a0308fd518ecc","2020-06-11T20:14:40Z","0.0091","5","55","1","0","3","0","{'long_function': 0, 'too_many_parameters': 0, 'deep_nesting': 0, 'large_file': 0, 'god_class': 0}","87.25","0"
"https://github.com/pallets/click.git","tests/test_normalization.py","9cfa961deed93af69ab43b679f0a0308fd518ecc","2020-06-11T20:14:40Z","0.0091","1","27","7","0","2","0","{'long_function': 0, 'too_many_parameters': 0, 'deep_nesting': 0, 'large_file': 0, 'god_class': 0}","96.65","0"
"https://github.com/pallets/click.git","tests/test_options.py","9cfa961deed93af69ab43b679f0a0308fd518ecc","2020-06-11T20:14:40Z","0.0091","11","424","74","3","3","0","{'long_function': 0, 'too_many_parameters': 0, 'deep_nesting': 0, 'large_file': 0, 'god_class': 0}","56.8","1"
"https://github.com/pallets/click.git","tests/test_termui.py","9cfa961deed93af69ab43b679f0a0308fd518ecc","2020-06-11T20:14:40Z","0.0091","19","283","42","2","5","3","{'long_function': 0, 'too_many_parameters': 2, 'deep_nesting': 1, 'large_file': 0, 'god_class': 0}","32.85","1"
"https://github.com/pallets/click.git","tests/test_testing.py","9cfa961deed93af69ab43b679f0a0308fd518ecc","2020-06-11T20:14:40Z","0.0091","5","223","32","1","4","1","{'long_function': 1, 'too_many_parameters': 0, 'deep_nesting': 0, 'large_file': 0, 'god_class': 0}","73.85","1"
"https://github.com/pallets/click.git","tests/test_utils.py","9cfa961deed93af69ab43b679f0a0308fd518ecc","2020-06-11T20:14:40Z","0.0091","8","283","29","0","4","1","{'long_function': 1, 'too_many_parameters': 0, 'deep_nesting': 0, 'large_file': 0, 'god_class': 0}","64.85","1"
"https://github.com/pallets/click.git","setup.py","0cf6a1a8ef6e0118fe2ba3cd764640f121bcdd0d","2021-09-01T15:07:55Z","0.0078","1","8","0","0","0","0","{'long_function': 0, 'too_many_parameters': 0, 'deep_nesting': 0, 'large_file': 0, 'god_class': 0}","97.6","0"
"https://github.com/pallets/click.git","docs/conf.py","0cf6a1a8ef6e0118fe2ba3cd764640f121bcdd0d","2021-09-01T15:07:55Z","0.0078","1","44","0","0","0","0","{'long_function': 0, 'too_many_parameters': 0, 'deep_nesting': 0, 'large_file': 0, 'god_class': 0}","95.8","0"
"https://github.com/pallets/click.git","examples/aliases/aliases.py","0cf6a1a8ef6e0118fe2ba3cd764640f121bcdd0d","2021-09-01T15:07:55Z","0.0078","10","102","14","2","4","0","{'long_function': 0, 'too_many_parameters': 0, 'deep_nesting': 0, 'large_file': 0, 'god_class': 0}","74.9","0"
"https://github.com/pallets/click.git","examples/aliases/setup.py","0cf6a1a8ef6e0118fe2ba3cd764640f121bcdd0d","2021-09-01T15:07:55Z","0.0078","1","12","0","0","0","0","{'long_function': 0, 'too_many_parameters': 0, 'deep_nesting': 0, 'large_file': 0, 'god_class': 0}","97.4","0"
"https://github.com/pallets/click.git","examples/colors/colors.py","0cf6a1a8ef6e0118fe2ba3cd764640f121bcdd0d","2021-09-01T15:07:55Z","0.0078","4","33","1","0","2","0","{'long_function': 0, 'too_many_parameters': 0, 'deep_nesting': 0, 'large_file': 0, 'god_class': 0}","90.35","0"
"https://github.com/pallets/click.git","examples/colors/setup.py","0cf6a1a8ef6e0118fe2ba3cd764640f121bcdd0d","2021-09-01T15:07:55Z","0.0078","1","12","0","0","0","0","{'long_function': 0, 'too_many_parameters': 0, 'deep_nesting': 0, 'large_file': 0, 'god_class': 0}","97.4","0"
"https://github.com/pallets/click.git","examples/completion/completion.py","0cf6a1a8ef6e0118fe2ba3cd764640f121bcdd0d","2021-09-01T15:07:55Z","0.0078","6","32","7","0","3","0","{'long_function': 0, 'too_many_parameters': 0, 'deep_nesting': 0, 'large_file': 0, 'god_class': 0}","86.4","0"
"https://github.com/pallets/click.git","examples/completion/setup.py","0cf6a1a8ef6e0118fe2ba3cd764640f121bcdd0d","2021-09-01T15:07:55Z","0.0078","1","12","0","0","0","0","{'long_function': 0, 'too_many_parameters': 0, 'deep_nesting': 0, 'large_file': 0, 'god_class': 0}","97.4","0"
"https://github.com/pallets/click.git","examples/complex/setup.py","0cf6a1a8ef6e0118fe2ba3cd764640f121bcdd0d","2021-09-01T15:07:55Z","0.0078","1","12","0","0","0","0","{'long_function': 0, 'too_many_parameters': 0, 'deep_nesting': 0, 'large_file': 0, 'god_class': 0}","97.4","0"
"https://github.com/pallets/click.git","examples/complex/complex/cli.py","0cf6a1a8ef6e0118fe2ba3cd764640f121bcdd0d","2021-09-01T15:07:55Z","0.0078","8","46","6","2","4","0","{'long_function': 0, 'too_many_parameters': 0, 'deep_nesting': 0, 'large_file': 0, 'god_class': 0}","81.7","0"
"https://github.com/pallets/click.git","examples/complex/complex/__init__.py","0cf6a1a8ef6e0118fe2ba3cd764640f121bcdd0d","2021-09-01T15:07:55Z","0.0078","1","0","0","0","0","0","{'long_function': 0, 'too_many_parameters': 0, 'deep_nesting': 0, 'large_file': 0, 'god_class': 0}","98.0","0"
"https://github.com/pallets/click.git","examples/complex/complex/commands/cmd_init.py","0cf6a1a8ef6e0118fe2ba3cd764640f121bcdd0d","2021-09-01T15:07:55Z","0.0078","2","10","1","0","2","0","{'long_function': 0, 'too_many_parameters': 0, 'deep_nesting': 0, 'large_file': 0, 'god_class': 0}","95.5","0"
"https://github.com/pallets/click.git","examples/complex/complex/commands/cmd_status.py","0cf6a1a8ef6e0118fe2ba3cd764640f121bcdd0d","2021-09-01T15:07:55Z","0.0078","1","8","1","0","1","0","{'long_function': 0, 'too_many_parameters': 0, 'deep_nesting': 0, 'large_file': 0, 'god_class': 0}","97.6","0"
"https://github.com/pallets/click.git","examples/complex/complex/commands/__init__.py","0cf6a1a8ef6e0118fe2ba3cd764640f121bcdd0d","2021-09-01T15:07:55Z","0.0078","1","0","0","0","0","0","{'long_function': 0, 'too_many_parameters': 0, 'deep_nesting': 0, 'large_file': 0, 'god_class': 0}","98.0","0"
"https://github.com/pallets/click.git","examples/imagepipe/imagepipe.py","0cf6a1a8ef6e0118fe2ba3cd764640f121bcdd0d","2021-09-01T15:07:55Z","0.0078","35","234","21","0","4","0","{'long_function': 0, 'too_many_parameters': 0, 'deep_nesting': 0, 'large_file': 0, 'god_class': 0}","18.3","0"
"https://github.com/pallets/click.git","examples/imagepipe/setup.py","0cf6a1a8ef6e0118fe2ba3cd764640f121bcdd0d","2021-09-01T15:07:55Z","0.0078","1","12","0","0","0","0","{'long_function': 0, 'too_many_parameters': 0, 'deep_nesting': 0, 'large_file': 0, 'god_class': 0}","97.4","0"
"https://github.com/pallets/click.git","examples/inout/inout.py","0cf6a1a8ef6e0118fe2ba3cd764640f121bcdd0d","2021-09-01T15:07:55Z","0.0078","4","25","1","0","4","0","{'long_function': 0, 'too_many_parameters': 0, 'deep_nesting': 0, 'large_file': 0, 'god_class': 0}","90.75","0"
"https://github.com/pallets/click.git","examples/inout/setup.py","0cf6a1a8ef6e0118fe2ba3cd764640f121bcdd0d","2021-09-01T15:07:55Z","0.0078","1","12","0","0","0","0","{'long_function': 0, 'too_many_parameters': 0, 'deep_nesting': 0, 'large_file': 0, 'god_class': 0}","97.4","0"
"https://github.com/pallets/click.git","examples/naval/naval.py","0cf6a1a8ef6e0118fe2ba3cd764640f121bcdd0d","2021-09-01T15:07:55Z","0.0078","1","55","8","0","1","0","{'long_function': 0, 'too_many_parameters': 0, 'deep_nesting': 0, 'large_file': 0, 'god_class': 0}","95.25","0"
"https://github.com/pallets/click.git","examples/naval/setup.py","0cf6a1a8ef6e0118fe2ba3cd764640f121bcdd0d","2021-09-01T15:07:55Z","0.0078","1","12","0","0","0","0","{'long_function': 0, 'too_many_parameters': 0, 'deep_nesting': 0, 'large_file': 0, 'god_class': 0}","97.4","0"
"https://github.com/pallets/click.git","examples/repo/repo.py","0cf6a1a8ef6e0118fe2ba3cd764640f121bcdd0d","2021-09-01T15:07:55Z","0.0078","11","138","9","1","3","0","{'long_function': 0, 'too_many_parameters': 0, 'deep_nesting': 0, 'large_file': 0, 'god_class': 0}","71.1","0"
"https://github.com/pallets/click.git","examples/repo/setup.py","0cf6a1a8ef6e0118fe2ba3cd764640f121bcdd0d","2021-09-01T15:07:55Z","0.0078","1","12","0","0","0","0","{'long_function': 0, 'too_many_parameters': 0, 'deep_nesting': 0, 'large_file': 0, 'god_class': 0}","97.4","0"
"https://github.com/pallets/click.git","examples/termui/setup.py","0cf6a1a8ef6e0118fe2ba3cd764640f121bcdd0d","2021-09-01T15:07:55Z","0.0078","1","12","0","0","0","0","{'long_function': 0, 'too_many_parameters': 0, 'deep_nesting': 0, 'large_file': 0, 'god_class': 0}","97.4","0"
"https://github.com/pallets/click.git","examples/termui/termui.py","0cf6a1a8ef6e0118fe2ba3cd764640f121bcdd0d","2021-09-01T15:07:55Z","0.0156","21","139","13","0","5","4","{'long_function': 1, 'too_many_parameters': 0, 'deep_nesting': 3, 'large_file': 0, 'god_class': 0}","31.05","0"
"https://github.com/pallets/click.git","examples/validation/setup.py","0cf6a1a8ef6e0118fe2ba3cd764640f121bcdd0d","2021-09-01T15:07:55Z","0.0078","1","12","0","0","0","0","{'long_function': 0, 'too_many_parameters': 0, 'deep_nesting': 0, 'large_file': 0, 'god_class': 0}","97.4","0"
"https://github.com/pallets/click.git","examples/validation/validation.py","0cf6a1a8ef6e0118fe2ba3cd764640f121bcdd0d","2021-09-01T15:07:55Z","0.0078","7","39","3","1","4","0","{'long_function': 0, 'too_many_parameters': 0, 'deep_nesting': 0, 'large_file': 0, 'god_class': 0}","84.05","0"
"https://github.com/pallets/click.git","src/click/core.py","0cf6a1a8ef6e0118fe2ba3cd764640f121bcdd0d","2021-09-01T15:07:55Z","0.0744","376","2234","140","10","8","64","{'long_function': 7, 'too_many_parameters': 8, 'deep_nesting': 42, 'large_file': 1, 'god_class': 6}","0","0"
"https://github.com/pallets/click.git","src/click/decorators.py","0cf6a1a8ef6e0118fe2ba3cd764640f121bcdd0d","2021-09-01T15:07:55Z","0.0156","35","333","26","0","4","2","{'long_function': 1, 'too_many_parameters': 1, 'deep_nesting': 0, 'large_file': 0, 'god_class': 0}","3.35","0"
"https://github.com/pallets/click.git","src/click/exceptions.py","0cf6a1a8ef6e0118fe2ba3cd764640f121bcdd0d","2021-09-01T15:07:55Z","0.0459","31","219","18","10","5","3","{'long_function': 0, 'too_many_parameters': 1, 'deep_nesting': 2, 'large_file': 0, 'god_class': 0}","12.05","0"
"https://github.com/pallets/click.git","src/click/formatting.py","0cf6a1a8ef6e0118fe2ba3cd764640f121bcdd0d","2021-09-01T15:07:55Z","0.0156","30","246","17","1","5","3","{'long_function': 1, 'too_many_parameters': 0, 'deep_nesting': 1, 'large_file': 0, 'god_class': 1}","12.7","0"
"https://github.com/pallets/click.git","src/click/globals.py","0cf6a1a8ef6e0118fe2ba3cd764640f121bcdd0d","2021-09-01T15:07:55Z","0.0311","6","48","6","0","3","0","{'long_function': 0, 'too_many_parameters': 0, 'deep_nesting': 0, 'large_file': 0, 'god_class': 0}","85.6","0"
"https://github.com/pallets/click.git","src/click/parser.py","0cf6a1a8ef6e0118fe2ba3cd764640f121bcdd0d","2021-09-01T15:07:55Z","0.0255","74","369","21","4","7","15","{'long_function': 1, 'too_many_parameters': 2, 'deep_nesting': 12, 'large_file': 0, 'god_class': 0}","0","0"
"https://github.com/pallets/click.git","src/click/shell_completion.py","0cf6a1a8ef6e0118fe2ba3cd764640f121bcdd0d","2021-09-01T15:07:55Z","0.0193","45","438","26","5","6","3","{'long_function': 0, 'too_many_parameters': 0, 'deep_nesting': 3, 'large_file': 0, 'god_class': 0}","0","0"
"https://github.com/pallets/click.git","src/click/termui.py","0cf6a1a8ef6e0118fe2ba3cd764640f121bcdd0d","2021-09-01T15:07:55Z","0.0156","75","653","19","0","5","14","{'long_function': 4, 'too_many_parameters': 7, 'deep_nesting': 2, 'large_file': 1, 'god_class': 0}","0","0"
"https://github.com/pallets/click.git","src/click/testing.py","0cf6a1a8ef6e0118fe2ba3cd764640f121bcdd0d","2021-09-01T15:07:55Z","0.0078","40","386","29","4","6","14","{'long_function': 2, 'too_many_parameters': 2, 'deep_nesting': 10, 'large_file': 0, 'god_class': 0}","0","0"
"https://github.com/pallets/click.git","src/click/types.py","0cf6a1a8ef6e0118fe2ba3cd764640f121bcdd0d","2021-09-01T15:07:55Z","0.0263","114","785","61","18","6","16","{'long_function': 2, 'too_many_parameters': 4, 'deep_nesting': 9, 'large_file': 1, 'god_class': 0}","0","0"
"https://github.com/pallets/click.git","src/click/utils.py","0cf6a1a8ef6e0118fe2ba3cd764640f121bcdd0d","2021-09-01T15:07:55Z","0.0469","59","437","32","3","6","5","{'long_function': 1, 'too_many_parameters': 2, 'deep_nesting': 2, 'large_file': 0, 'god_class': 0}","0","0"
"https://github.com/pallets/click.git","src/click/_compat.py","0cf6a1a8ef6e0118fe2ba3cd764640f121bcdd0d","2021-09-01T15:07:55Z","0.1934","84","460","50","3","4","3","{'long_function': 1, 'too_many_parameters': 2, 'deep_nesting': 0, 'large_file': 0, 'god_class': 0}","0","0"
"https://github.com/pallets/click.git","src/click/_termui_impl.py","0cf6a1a8ef6e0118fe2ba3cd764640f121bcdd0d","2021-09-01T15:07:55Z","0.01","122","533","34","2","5","11","{'long_function': 2, 'too_many_parameters': 1, 'deep_nesting': 6, 'large_file': 1, 'god_class': 1}","0","0"
"https://github.com/pallets/click.git","src/click/_textwrap.py","0cf6a1a8ef6e0118fe2ba3cd764640f121bcdd0d","2021-09-01T15:07:55Z","0.0123","5","39","3","1","4","0","{'long_function': 0, 'too_many_parameters': 0, 'deep_nesting': 0, 'large_file': 0, 'god_class': 0}","88.05","0"
"https://github.com/pallets/click.git","src/click/_unicodefun.py","0cf6a1a8ef6e0118fe2ba3cd764640f121bcdd0d","2021-09-01T15:07:55Z","0.0149","15","83","1","0","5","2","{'long_function': 1, 'too_many_parameters': 0, 'deep_nesting': 1, 'large_file': 0, 'god_class': 0}","55.85","0"
"https://github.com/pallets/click.git","src/click/_winconsole.py","0cf6a1a8ef6e0118fe2ba3cd764640f121bcdd0d","2021-09-01T15:07:55Z","0.1722","23","215","20","5","4","0","{'long_function': 0, 'too_many_parameters': 0, 'deep_nesting': 0, 'large_file': 0, 'god_class': 0}","43.25","0"
"https://github.com/pallets/click.git","src/click/__init__.py","0cf6a1a8ef6e0118fe2ba3cd764640f121bcdd0d","2021-09-01T15:07:55Z","0.0078","1","74","0","0","0","0","{'long_function': 0, 'too_many_parameters': 0, 'deep_nesting': 0, 'large_file': 0, 'god_class': 0}","94.3","0"
"https://github.com/pallets/click.git","tests/conftest.py","0cf6a1a8ef6e0118fe2ba3cd764640f121bcdd0d","2021-09-01T15:07:55Z","0.0145","2","23","2","0","2","0","{'long_function': 0, 'too_many_parameters': 0, 'deep_nesting': 0, 'large_file': 0, 'god_class': 0}","94.85","0"
"https://github.com/pallets/click.git","tests/test_arguments.py","0cf6a1a8ef6e0118fe2ba3cd764640f121bcdd0d","2021-09-01T15:07:55Z","0.0078","9","286","51","0","4","0","{'long_function': 0, 'too_many_parameters': 0, 'deep_nesting': 0, 'large_file': 0, 'god_class': 0}","67.7","0"
"https://github.com/pallets/click.git","tests/test_basic.py","0cf6a1a8ef6e0118fe2ba3cd764640f121bcdd0d","2021-09-01T15:07:55Z","0.0078","6","433","65","0","3","0","{'long_function': 0, 'too_many_parameters': 0, 'deep_nesting': 0, 'large_file': 0, 'god_class': 0}","66.35","0"
"https://github.com/pallets/click.git","tests/test_chain.py","0cf6a1a8ef6e0118fe2ba3cd764640f121bcdd0d","2021-09-01T15:07:55Z","0.0078","6","185","43","0","4","0","{'long_function': 0, 'too_many_parameters': 0, 'deep_nesting': 0, 'large_file': 0, 'god_class': 0}","78.75","0"
"https://github.com/pallets/click.git","tests/test_commands.py","0cf6a1a8ef6e0118fe2ba3cd764640f121bcdd0d","2021-09-01T15:07:55Z","0.0078","6","268","51","2","4","1","{'long_function': 1, 'too_many_parameters': 0, 'deep_nesting': 0, 'large_file': 0, 'god_class': 0}","69.6","0"
"https://github.com/pallets/click.git","tests/test_compat.py","0cf6a1a8ef6e0118fe2ba3cd764640f121bcdd0d","2021-09-01T15:07:55Z","0.0078","1","6","1","1","2","0","{'long_function': 0, 'too_many_parameters': 0, 'deep_nesting': 0, 'large_file': 0, 'god_class': 0}","97.7","0"
"https://github.com/pallets/click.git","tests/test_context.py","0cf6a1a8ef6e0118fe2ba3cd764640f121bcdd0d","2021-09-01T15:07:55Z","0.0078","1","275","49","5","3","0","{'long_function': 0, 'too_many_parameters': 0, 'deep_nesting': 0, 'large_file': 0, 'god_class': 0}","84.25","0"
"https://github.com/pallets/click.git","tests/test_custom_classes.py","0cf6a1a8ef6e0118fe2ba3cd764640f121bcdd0d","2021-09-01T15:07:55Z","0.0078","1","81","9","11","3","0","{'long_function': 0, 'too_many_parameters': 0, 'deep_nesting': 0, 'large_file': 0, 'god_class': 0}","93.95","0"
"https://github.com/pallets/click.git","tests/test_defaults.py","0cf6a1a8ef6e0118fe2ba3cd764640f121bcdd0d","2021-09-01T15:07:55Z","0.0078","3","31","6","0","3","0","{'long_function': 0, 'too_many_parameters': 0, 'deep_nesting': 0, 'large_file': 0, 'god_class': 0}","92.45","0"
"https://github.com/pallets/click.git","tests/test_formatting.py","0cf6a1a8ef6e0118fe2ba3cd764640f121bcdd0d","2021-09-01T15:07:55Z","0.0078","1","282","37","1","3","0","{'long_function': 0, 'too_many_parameters': 0, 'deep_nesting': 0, 'large_file': 0, 'god_class': 0}","83.9","0"
"https://github.com/pallets/click.git","tests/test_imports.py","0cf6a1a8ef6e0118fe2ba3cd764640f121bcdd0d","2021-09-01T15:07:55Z","0.0078","5","57","1","0","3","0","{'long_function': 0, 'too_many_parameters': 0, 'deep_nesting': 0, 'large_file': 0, 'god_class': 0}","87.15","0"
"https://github.com/pallets/click.git","tests/test_info_dict.py","0cf6a1a8ef6e0118fe2ba3cd764640f121bcdd0d","2021-09-01T15:07:55Z","0.0078","1","259","3","0","1","0","{'long_function': 0, 'too_many_parameters': 0, 'deep_nesting': 0, 'large_file': 0, 'god_class': 0}","85.05","0"
"https://github.com/pallets/click.git","tests/test_normalization.py","0cf6a1a8ef6e0118fe2ba3cd764640f121bcdd0d","2021-09-01T15:07:55Z","0.0078","1","27","7","0","2","0","{'long_function': 0, 'too_many_parameters': 0, 'deep_nesting': 0, 'large_file': 0, 'god_class': 0}","96.65","0"
"https://github.com/pallets/click.git","tests/test_options.py","0cf6a1a8ef6e0118fe2ba3cd764640f121bcdd0d","2021-09-01T15:07:55Z","0.0078","9","628","97","3","3","1","{'long_function': 0, 'too_many_parameters': 0, 'deep_nesting': 0, 'large_file': 1, 'god_class': 0}","45.6","0"
"https://github.com/pallets/click.git","tests/test_parser.py","0cf6a1a8ef6e0118fe2ba3cd764640f121bcdd0d","2021-09-01T15:07:55Z","0.0078","1","14","1","0","1","0","{'long_function': 0, 'too_many_parameters': 0, 'deep_nesting': 0, 'large_file': 0, 'god_class': 0}","97.3","0"
"https://github.com/pallets/click.git","tests/test_shell_completion.py","0cf6a1a8ef6e0118fe2ba3cd764640f121bcdd0d","2021-09-01T15:07:55Z","0.0078","2","251","30","0","2","0","{'long_function': 0, 'too_many_parameters': 0, 'deep_nesting': 0, 'large_file': 0, 'god_class': 0}","83.45","0"
"https://github.com/pallets/click.git","tests/test_termui.py","0cf6a1a8ef6e0118fe2ba3cd764640f121bcdd0d","2021-09-01T15:07:55Z","0.0078","21","342","51","2","5","3","{'long_function': 0, 'too_many_parameters': 2, 'deep_nesting': 1, 'large_file': 0, 'god_class': 0}","25.9","0"
"https://github.com/pallets/click.git","tests/test_testing.py","0cf6a1a8ef6e0118fe2ba3cd764640f121bcdd0d","2021-09-01T15:07:55Z","0.0078","7","315","47","1","4","1","{'long_function': 1, 'too_many_parameters': 0, 'deep_nesting': 0, 'large_file': 0, 'god_class': 0}","65.25","0"
"https://github.com/pallets/click.git","tests/test_types.py","0cf6a1a8ef6e0118fe2ba3cd764640f121bcdd0d","2021-09-01T15:07:55Z","0.0078","2","110","6","0","2","0","{'long_function': 0, 'too_many_parameters': 0, 'deep_nesting': 0, 'large_file': 0, 'god_class': 0}","90.5","0"
"https://github.com/pallets/click.git","tests/test_utils.py","0cf6a1a8ef6e0118fe2ba3cd764640f121bcdd0d","2021-09-01T15:07:55Z","0.0078","9","370","36","1","4","1","{'long_function': 1, 'too_many_parameters': 0, 'deep_nesting': 0, 'large_file': 0, 'god_class': 0}","58.5","0"
"https://github.com/pallets/click.git","docs/conf.py","011b9f9d190c71310264e6c54bae6259f5e38a9f","2025-05-19T17:59:41Z","0.0072","1","48","0","0","0","0","{'long_function': 0, 'too_many_parameters': 0, 'deep_nesting': 0, 'large_file': 0, 'god_class': 0}","95.6","0"
"https://github.com/pallets/click.git","examples/aliases/aliases.py","011b9f9d190c71310264e6c54bae6259f5e38a9f","2025-05-19T17:59:41Z","0.0072","10","102","14","2","4","0","{'long_function': 0, 'too_many_parameters': 0, 'deep_nesting': 0, 'large_file': 0, 'god_class': 0}","74.9","0"
"https://github.com/pallets/click.git","examples/colors/colors.py","011b9f9d190c71310264e6c54bae6259f5e38a9f","2025-05-19T17:59:41Z","0.0072","4","33","1","0","2","0","{'long_function': 0, 'too_many_parameters': 0, 'deep_nesting': 0, 'large_file': 0, 'god_class': 0}","90.35","0"
"https://github.com/pallets/click.git","examples/completion/completion.py","011b9f9d190c71310264e6c54bae6259f5e38a9f","2025-05-19T17:59:41Z","0.0072","6","32","7","0","3","0","{'long_function': 0, 'too_many_parameters': 0, 'deep_nesting': 0, 'large_file': 0, 'god_class': 0}","86.4","0"
"https://github.com/pallets/click.git","examples/complex/complex/cli.py","011b9f9d190c71310264e6c54bae6259f5e38a9f","2025-05-19T17:59:41Z","0.0072","8","46","6","2","4","0","{'long_function': 0, 'too_many_parameters': 0, 'deep_nesting': 0, 'large_file': 0, 'god_class': 0}","81.7","0"
"https://github.com/pallets/click.git","examples/complex/complex/__init__.py","011b9f9d190c71310264e6c54bae6259f5e38a9f","2025-05-19T17:59:41Z","0.0072","1","0","0","0","0","0","{'long_function': 0, 'too_many_parameters': 0, 'deep_nesting': 0, 'large_file': 0, 'god_class': 0}","98.0","0"
"https://github.com/pallets/click.git","examples/complex/complex/commands/cmd_init.py","011b9f9d190c71310264e6c54bae6259f5e38a9f","2025-05-19T17:59:41Z","0.0072","2","10","1","0","2","0","{'long_function': 0, 'too_many_parameters': 0, 'deep_nesting': 0, 'large_file': 0, 'god_class': 0}","95.5","0"
"https://github.com/pallets/click.git","examples/complex/complex/commands/cmd_status.py","011b9f9d190c71310264e6c54bae6259f5e38a9f","2025-05-19T17:59:41Z","0.0072","1","8","1","0","1","0","{'long_function': 0, 'too_many_parameters': 0, 'deep_nesting': 0, 'large_file': 0, 'god_class': 0}","97.6","0"
"https://github.com/pallets/click.git","examples/complex/complex/commands/__init__.py","011b9f9d190c71310264e6c54bae6259f5e38a9f","2025-05-19T17:59:41Z","0.0072","1","0","0","0","0","0","{'long_function': 0, 'too_many_parameters': 0, 'deep_nesting': 0, 'large_file': 0, 'god_class': 0}","98.0","0"
"https://github.com/pallets/click.git","examples/imagepipe/imagepipe.py","011b9f9d190c71310264e6c54bae6259f5e38a9f","2025-05-19T17:59:41Z","0.0072","35","234","21","0","4","0","{'long_function': 0, 'too_many_parameters': 0, 'deep_nesting': 0, 'large_file': 0, 'god_class': 0}","18.3","0"
"https://github.com/pallets/click.git","examples/inout/inout.py","011b9f9d190c71310264e6c54bae6259f5e38a9f","2025-05-19T17:59:41Z","0.0072","4","25","1","0","4","0","{'long_function': 0, 'too_many_parameters': 0, 'deep_nesting': 0, 'large_file': 0, 'god_class': 0}","90.75","0"
"https://github.com/pallets/click.git","examples/naval/naval.py","011b9f9d190c71310264e6c54bae6259f5e38a9f","2025-05-19T17:59:41Z","0.0072","1","55","8","0","1","0","{'long_function': 0, 'too_many_parameters': 0, 'deep_nesting': 0, 'large_file': 0, 'god_class': 0}","95.25","0"
"https://github.com/pallets/click.git","examples/repo/repo.py","011b9f9d190c71310264e6c54bae6259f5e38a9f","2025-05-19T17:59:41Z","0.0072","11","138","9","1","3","0","{'long_function': 0, 'too_many_parameters': 0, 'deep_nesting': 0, 'large_file': 0, 'god_class': 0}","71.1","0"
"https://github.com/pallets/click.git","examples/termui/termui.py","011b9f9d190c71310264e6c54bae6259f5e38a9f","2025-05-19T17:59:41Z","0.0185","21","139","13","0","5","4","{'long_function': 1, 'too_many_parameters': 0, 'deep_nesting': 3, 'large_file': 0, 'god_class': 0}","31.05","0"
"https://github.com/pallets/click.git","examples/validation/validation.py","011b9f9d190c71310264e6c54bae6259f5e38a9f","2025-05-19T17:59:41Z","0.0072","7","39","3","1","4","0","{'long_function': 0, 'too_many_parameters': 0, 'deep_nesting': 0, 'large_file': 0, 'god_class': 0}","84.05","0"
"https://github.com/pallets/click.git","src/click/core.py","011b9f9d190c71310264e6c54bae6259f5e38a9f","2025-05-19T17:59:41Z","0.1119","421","2370","140","11","9","62","{'long_function': 7, 'too_many_parameters': 8, 'deep_nesting': 41, 'large_file': 1, 'god_class': 5}","0","1"
"https://github.com/pallets/click.git","src/click/decorators.py","011b9f9d190c71310264e6c54bae6259f5e38a9f","2025-05-19T17:59:41Z","0.0185","44","407","33","0","4","3","{'long_function': 2, 'too_many_parameters': 1, 'deep_nesting': 0, 'large_file': 0, 'god_class': 0}","0","0"
"https://github.com/pallets/click.git","src/click/exceptions.py","011b9f9d190c71310264e6c54bae6259f5e38a9f","2025-05-19T17:59:41Z","0.0598","31","234","20","11","5","3","{'long_function': 0, 'too_many_parameters': 1, 'deep_nesting': 2, 'large_file': 0, 'god_class': 0}","11.3","0"
"https://github.com/pallets/click.git","src/click/formatting.py","011b9f9d190c71310264e6c54bae6259f5e38a9f","2025-05-19T17:59:41Z","0.0185","30","245","17","1","5","3","{'long_function': 1, 'too_many_parameters': 0, 'deep_nesting': 1, 'large_file': 0, 'god_class': 1}","12.75","0"
"https://github.com/pallets/click.git","src/click/globals.py","011b9f9d190c71310264e6c54bae6259f5e38a9f","2025-05-19T17:59:41Z","0.0544","6","45","6","0","3","0","{'long_function': 0, 'too_many_parameters': 0, 'deep_nesting': 0, 'large_file': 0, 'god_class': 0}","85.75","0"
"https://github.com/pallets/click.git","src/click/parser.py","011b9f9d190c71310264e6c54bae6259f5e38a9f","2025-05-19T17:59:41Z","0.0237","74","375","21","4","7","15","{'long_function': 1, 'too_many_parameters': 2, 'deep_nesting': 12, 'large_file': 0, 'god_class': 0}","0","0"
"https://github.com/pallets/click.git","src/click/shell_completion.py","011b9f9d190c71310264e6c54bae6259f5e38a9f","2025-05-19T17:59:41Z","0.0391","48","481","27","5","7","7","{'long_function': 1, 'too_many_parameters': 0, 'deep_nesting': 6, 'large_file': 0, 'god_class': 0}","0","1"
"https://github.com/pallets/click.git","src/click/termui.py","011b9f9d190c71310264e6c54bae6259f5e38a9f","2025-05-19T17:59:41Z","0.0185","77","708","23","0","5","18","{'long_function': 5, 'too_many_parameters': 10, 'deep_nesting': 2, 'large_file': 1, 'god_class': 0}","0","0"
"https://github.com/pallets/click.git","src/click/testing.py","011b9f9d190c71310264e6c54bae6259f5e38a9f","2025-05-19T17:59:41Z","0.0072","38","448","33","6","6","13","{'long_function': 2, 'too_many_parameters': 2, 'deep_nesting': 9, 'large_file': 0, 'god_class': 0}","0","1"
"https://github.com/pallets/click.git","src/click/types.py","011b9f9d190c71310264e6c54bae6259f5e38a9f","2025-05-19T17:59:41Z","0.0857","120","876","65","19","6","14","{'long_function': 2, 'too_many_parameters': 4, 'deep_nesting': 7, 'large_file': 1, 'god_class': 0}","0","1"
"https://github.com/pallets/click.git","src/click/utils.py","011b9f9d190c71310264e6c54bae6259f5e38a9f","2025-05-19T17:59:41Z","0.0723","63","473","31","3","6","6","{'long_function': 2, 'too_many_parameters': 2, 'deep_nesting': 2, 'large_file': 0, 'god_class': 0}","0","0"
"https://github.com/pallets/click.git","src/click/_compat.py","011b9f9d190c71310264e6c54bae6259f5e38a9f","2025-05-19T17:59:41Z","0.1063","80","456","49","3","4","3","{'long_function': 1, 'too_many_parameters': 2, 'deep_nesting': 0, 'large_file': 0, 'god_class': 0}","0","0"
"https://github.com/pallets/click.git","src/click/_termui_impl.py","011b9f9d190c71310264e6c54bae6259f5e38a9f","2025-05-19T17:59:41Z","0.0098","137","613","36","2","6","15","{'long_function': 3, 'too_many_parameters': 1, 'deep_nesting': 9, 'large_file': 1, 'god_class': 1}","0","0"
"https://github.com/pallets/click.git","src/click/_textwrap.py","011b9f9d190c71310264e6c54bae6259f5e38a9f","2025-05-19T17:59:41Z","0.0124","5","40","3","1","4","0","{'long_function': 0, 'too_many_parameters': 0, 'deep_nesting': 0, 'large_file': 0, 'god_class': 0}","88.0","0"
"https://github.com/pallets/click.git","src/click/_winconsole.py","011b9f9d190c71310264e6c54bae6259f5e38a9f","2025-05-19T17:59:41Z","0.0524","25","226","20","5","4","0","{'long_function': 0, 'too_many_parameters': 0, 'deep_nesting': 0, 'large_file': 0, 'god_class': 0}","38.7","0"
"https://github.com/pallets/click.git","src/click/__init__.py","011b9f9d190c71310264e6c54bae6259f5e38a9f","2025-05-19T17:59:41Z","0.0072","5","110","1","0","2","0","{'long_function': 0, 'too_many_parameters': 0, 'deep_nesting': 0, 'large_file': 0, 'god_class': 0}","84.5","0"
"https://github.com/pallets/click.git","tests/conftest.py","011b9f9d190c71310264e6c54bae6259f5e38a9f","2025-05-19T17:59:41Z","0.0072","1","5","1","0","1","0","{'long_function': 0, 'too_many_parameters': 0, 'deep_nesting': 0, 'large_file': 0, 'god_class': 0}","97.75","0"
"https://github.com/pallets/click.git","tests/test_arguments.py","011b9f9d190c71310264e6c54bae6259f5e38a9f","2025-05-19T17:59:41Z","0.0072","9","357","63","1","4","0","{'long_function': 0, 'too_many_parameters': 0, 'deep_nesting': 0, 'large_file': 0, 'god_class': 0}","64.15","1"
"https://github.com/pallets/click.git","tests/test_basic.py","011b9f9d190c71310264e6c54bae6259f5e38a9f","2025-05-19T17:59:41Z","0.0072","11","507","74","2","3","1","{'long_function': 0, 'too_many_parameters': 0, 'deep_nesting': 0, 'large_file': 1, 'god_class': 0}","47.65","1"
"https://github.com/pallets/click.git","tests/test_chain.py","011b9f9d190c71310264e6c54bae6259f5e38a9f","2025-05-19T17:59:41Z","0.0072","6","187","43","0","4","0","{'long_function': 0, 'too_many_parameters': 0, 'deep_nesting': 0, 'large_file': 0, 'god_class': 0}","78.65","0"
"https://github.com/pallets/click.git","tests/test_commands.py","011b9f9d190c71310264e6c54bae6259f5e38a9f","2025-05-19T17:59:41Z","0.0072","13","416","65","2","4","2","{'long_function': 2, 'too_many_parameters': 0, 'deep_nesting': 0, 'large_file': 0, 'god_class': 0}","43.2","0"
"https://github.com/pallets/click.git","tests/test_command_decorators.py","011b9f9d190c71310264e6c54bae6259f5e38a9f","2025-05-19T17:59:41Z","0.0072","1","68","14","2","2","0","{'long_function': 0, 'too_many_parameters': 0, 'deep_nesting': 0, 'large_file': 0, 'god_class': 0}","94.6","0"
"https://github.com/pallets/click.git","tests/test_compat.py","011b9f9d190c71310264e6c54bae6259f5e38a9f","2025-05-19T17:59:41Z","0.0072","1","6","1","1","2","0","{'long_function': 0, 'too_many_parameters': 0, 'deep_nesting': 0, 'large_file': 0, 'god_class': 0}","97.7","0"
"https://github.com/pallets/click.git","tests/test_context.py","011b9f9d190c71310264e6c54bae6259f5e38a9f","2025-05-19T17:59:41Z","0.0072","1","396","64","8","3","1","{'long_function': 1, 'too_many_parameters': 0, 'deep_nesting': 0, 'large_file': 0, 'god_class': 0}","73.2","0"
"https://github.com/pallets/click.git","tests/test_custom_classes.py","011b9f9d190c71310264e6c54bae6259f5e38a9f","2025-05-19T17:59:41Z","0.0072","1","81","9","11","3","0","{'long_function': 0, 'too_many_parameters': 0, 'deep_nesting': 0, 'large_file': 0, 'god_class': 0}","93.95","0"
"https://github.com/pallets/click.git","tests/test_defaults.py","011b9f9d190c71310264e6c54bae6259f5e38a9f","2025-05-19T17:59:41Z","0.0072","3","61","11","0","3","0","{'long_function': 0, 'too_many_parameters': 0, 'deep_nesting': 0, 'large_file': 0, 'god_class': 0}","90.95","0"
"https://github.com/pallets/click.git","tests/test_formatting.py","011b9f9d190c71310264e6c54bae6259f5e38a9f","2025-05-19T17:59:41Z","0.0072","1","298","39","1","3","0","{'long_function': 0, 'too_many_parameters': 0, 'deep_nesting': 0, 'large_file': 0, 'god_class': 0}","83.1","0"
"https://github.com/pallets/click.git","tests/test_imports.py","011b9f9d190c71310264e6c54bae6259f5e38a9f","2025-05-19T17:59:41Z","0.0072","5","60","1","0","3","0","{'long_function': 0, 'too_many_parameters': 0, 'deep_nesting': 0, 'large_file': 0, 'god_class': 0}","87.0","1"
"https://github.com/pallets/click.git","tests/test_info_dict.py","011b9f9d190c71310264e6c54bae6259f5e38a9f","2025-05-19T17:59:41Z","0.0072","1","263","4","1","2","0","{'long_function': 0, 'too_many_parameters': 0, 'deep_nesting': 0, 'large_file': 0, 'god_class': 0}","84.85","0"
"https://github.com/pallets/click.git","tests/test_normalization.py","011b9f9d190c71310264e6c54bae6259f5e38a9f","2025-05-19T17:59:41Z","0.0072","1","48","7","0","2","0","{'long_function': 0, 'too_many_parameters': 0, 'deep_nesting': 0, 'large_file': 0, 'god_class': 0}","95.6","0"
"https://github.com/pallets/click.git","tests/test_options.py","011b9f9d190c71310264e6c54bae6259f5e38a9f","2025-05-19T17:59:41Z","0.0072","14","863","121","5","3","1","{'long_function': 0, 'too_many_parameters': 0, 'deep_nesting': 0, 'large_file': 1, 'god_class': 0}","23.85","1"
"https://github.com/pallets/click.git","tests/test_parser.py","011b9f9d190c71310264e6c54bae6259f5e38a9f","2025-05-19T17:59:41Z","0.0072","1","25","3","0","1","0","{'long_function': 0, 'too_many_parameters': 0, 'deep_nesting': 0, 'large_file': 0, 'god_class': 0}","96.75","0"
"https://github.com/pallets/click.git","tests/test_shell_completion.py","011b9f9d190c71310264e6c54bae6259f5e38a9f","2025-05-19T17:59:41Z","0.0072","2","335","38","3","3","0","{'long_function': 0, 'too_many_parameters': 0, 'deep_nesting': 0, 'large_file': 0, 'god_class': 0}","79.25","1"
"https://github.com/pallets/click.git","tests/test_termui.py","011b9f9d190c71310264e6c54bae6259f5e38a9f","2025-05-19T17:59:41Z","0.0072","22","372","56","2","5","3","{'long_function': 0, 'too_many_parameters': 2, 'deep_nesting': 1, 'large_file': 0, 'god_class': 0}","22.4","0"
"https://github.com/pallets/click.git","tests/test_testing.py","011b9f9d190c71310264e6c54bae6259f5e38a9f","2025-05-19T17:59:41Z","0.0072","7","339","52","3","4","1","{'long_function': 1, 'too_many_parameters': 0, 'deep_nesting': 0, 'large_file': 0, 'god_class': 0}","64.05","1"
"https://github.com/pallets/click.git","tests/test_types.py","011b9f9d190c71310264e6c54bae6259f5e38a9f","2025-05-19T17:59:41Z","0.0072","4","198","14","0","3","1","{'long_function': 1, 'too_many_parameters': 0, 'deep_nesting': 0, 'large_file': 0, 'god_class': 0}","77.1","0"
"https://github.com/pallets/click.git","tests/test_utils.py","011b9f9d190c71310264e6c54bae6259f5e38a9f","2025-05-19T17:59:41Z","0.0072","9","519","42","1","4","2","{'long_function': 1, 'too_many_parameters': 0, 'deep_nesting': 0, 'large_file': 1, 'god_class': 0}","46.05","0"
"https://github.com/pallets/click.git","tests/typing/typing_aliased_group.py","011b9f9d190c71310264e6c54bae6259f5e38a9f","2025-05-19T17:59:41Z","0.0072","6","31","5","1","4","0","{'long_function': 0, 'too_many_parameters': 0, 'deep_nesting': 0, 'large_file': 0, 'god_class': 0}","86.45","0"
"https://github.com/pallets/click.git","tests/typing/typing_confirmation_option.py","011b9f9d190c71310264e6c54bae6259f5e38a9f","2025-05-19T17:59:41Z","0.0072","1","8","1","0","1","0","{'long_function': 0, 'too_many_parameters': 0, 'deep_nesting': 0, 'large_file': 0, 'god_class': 0}","97.6","0"
"https://github.com/pallets/click.git","tests/typing/typing_group_kw_options.py","011b9f9d190c71310264e6c54bae6259f5e38a9f","2025-05-19T17:59:41Z","0.0072","1","6","1","0","1","0","{'long_function': 0, 'too_many_parameters': 0, 'deep_nesting': 0, 'large_file': 0, 'god_class': 0}","97.7","0"
"https://github.com/pallets/click.git","tests/typing/typing_help_option.py","011b9f9d190c71310264e6c54bae6259f5e38a9f","2025-05-19T17:59:41Z","0.0072","1","8","1","0","1","0","{'long_function': 0, 'too_many_parameters': 0, 'deep_nesting': 0, 'large_file': 0, 'god_class': 0}","97.6","0"
"https://github.com/pallets/click.git","tests/typing/typing_options.py","011b9f9d190c71310264e6c54bae6259f5e38a9f","2025-05-19T17:59:41Z","0.0072","2","10","1","0","2","0","{'long_function': 0, 'too_many_parameters': 0, 'deep_nesting': 0, 'large_file': 0, 'god_class': 0}","95.5","0"
"https://github.com/pallets/click.git","tests/typing/typing_password_option.py","011b9f9d190c71310264e6c54bae6259f5e38a9f","2025-05-19T17:59:41Z","0.0072","1","8","1","0","1","0","{'long_function': 0, 'too_many_parameters': 0, 'deep_nesting': 0, 'large_file': 0, 'god_class': 0}","97.6","0"
"https://github.com/pallets/click.git","tests/typing/typing_progressbar.py","011b9f9d190c71310264e6c54bae6259f5e38a9f","2025-05-19T17:59:41Z","0.0072","3","16","3","0","3","0","{'long_function': 0, 'too_many_parameters': 0, 'deep_nesting': 0, 'large_file': 0, 'god_class': 0}","93.2","0"
"https://github.com/pallets/click.git","tests/typing/typing_simple_example.py","011b9f9d190c71310264e6c54bae6259f5e38a9f","2025-05-19T17:59:41Z","0.0072","2","11","1","0","2","0","{'long_function': 0, 'too_many_parameters': 0, 'deep_nesting': 0, 'large_file': 0, 'god_class': 0}","95.45","0"
"https://github.com/pallets/click.git","tests/typing/typing_version_option.py","011b9f9d190c71310264e6c54bae6259f5e38a9f","2025-05-19T17:59:41Z","0.0072","1","10","1","0","1","0","{'long_function': 0, 'too_many_parameters': 0, 'deep_nesting': 0, 'large_file': 0, 'god_class': 0}","97.5","0"
"https://github.com/python-attrs/attrs.git","setup.py","95609085557a518da07eea2b0ac96f8873cba5bf","2015-01-27T16:53:17Z","0.0922","4","78","5","1","2","0","{'long_function': 0, 'too_many_parameters': 0, 'deep_nesting': 0, 'large_file': 0, 'god_class': 0}","88.1","0"
"https://github.com/python-attrs/attrs.git","attr/_dunders.py","95609085557a518da07eea2b0ac96f8873cba5bf","2015-01-27T16:53:17Z","0.1705","20","166","18","1","4","1","{'long_function': 1, 'too_many_parameters': 0, 'deep_nesting': 0, 'large_file': 0, 'god_class': 0}","46.7","0"
"https://github.com/python-attrs/attrs.git","attr/_funcs.py","95609085557a518da07eea2b0ac96f8873cba5bf","2015-01-27T16:53:17Z","0.0922","6","27","2","0","3","0","{'long_function': 0, 'too_many_parameters': 0, 'deep_nesting': 0, 'large_file': 0, 'god_class': 0}","86.65","1"
"https://github.com/python-attrs/attrs.git","attr/_make.py","95609085557a518da07eea2b0ac96f8873cba5bf","2015-01-27T16:53:17Z","0.0922","14","85","7","2","4","0","{'long_function': 0, 'too_many_parameters': 0, 'deep_nesting': 0, 'large_file': 0, 'god_class': 0}","67.75","1"
"https://github.com/python-attrs/attrs.git","attr/__init__.py","95609085557a518da07eea2b0ac96f8873cba5bf","2015-01-27T16:53:17Z","0.0922","1","16","0","0","0","0","{'long_function': 0, 'too_many_parameters': 0, 'deep_nesting': 0, 'large_file': 0, 'god_class': 0}","97.2","0"
"https://github.com/python-attrs/attrs.git","docs/conf.py","95609085557a518da07eea2b0ac96f8873cba5bf","2015-01-27T16:53:17Z","0.0922","5","67","2","0","2","0","{'long_function': 0, 'too_many_parameters': 0, 'deep_nesting': 0, 'large_file': 0, 'god_class': 0}","86.65","0"
"https://github.com/python-attrs/attrs.git","tests/test_dark_magic.py","95609085557a518da07eea2b0ac96f8873cba5bf","2015-01-27T16:53:17Z","0.0922","1","32","2","3","2","0","{'long_function': 0, 'too_many_parameters': 0, 'deep_nesting': 0, 'large_file': 0, 'god_class': 0}","96.4","0"
"https://github.com/python-attrs/attrs.git","tests/test_dunders.py","95609085557a518da07eea2b0ac96f8873cba5bf","2015-01-27T16:53:17Z","0.0922","5","182","21","11","3","1","{'long_function': 0, 'too_many_parameters': 0, 'deep_nesting': 0, 'large_file': 0, 'god_class': 1}","75.9","0"
"https://github.com/python-attrs/attrs.git","tests/test_funcs.py","95609085557a518da07eea2b0ac96f8873cba5bf","2015-01-27T16:53:17Z","0.0922","2","52","5","3","3","0","{'long_function': 0, 'too_many_parameters': 0, 'deep_nesting': 0, 'large_file': 0, 'god_class': 0}","93.4","1"
"https://github.com/python-attrs/attrs.git","tests/test_make.py","95609085557a518da07eea2b0ac96f8873cba5bf","2015-01-27T16:53:17Z","0.0922","3","74","6","7","3","0","{'long_function': 0, 'too_many_parameters': 0, 'deep_nesting': 0, 'large_file': 0, 'god_class': 0}","90.3","1"
"https://github.com/python-attrs/attrs.git","tests/__init__.py","95609085557a518da07eea2b0ac96f8873cba5bf","2015-01-27T16:53:17Z","0.0922","1","0","0","0","0","0","{'long_function': 0, 'too_many_parameters': 0, 'deep_nesting': 0, 'large_file': 0, 'god_class': 0}","98.0","0"
"https://github.com/python-attrs/attrs.git","conftest.py","b6ead289676d928db89cfbf6a86dcb36791278c5","2017-04-20T12:59:33Z","0.0356","1","13","1","1","2","0","{'long_function': 0, 'too_many_parameters': 0, 'deep_nesting': 0, 'large_file': 0, 'god_class': 0}","97.35","0"
"https://github.com/python-attrs/attrs.git","setup.py","b6ead289676d928db89cfbf6a86dcb36791278c5","2017-04-20T12:59:33Z","0.0356","3","76","2","0","2","0","{'long_function': 0, 'too_many_parameters': 0, 'deep_nesting': 0, 'large_file': 0, 'god_class': 0}","90.2","0"
"https://github.com/python-attrs/attrs.git","docs/conf.py","b6ead289676d928db89cfbf6a86dcb36791278c5","2017-04-20T12:59:33Z","0.0356","2","62","2","0","2","0","{'long_function': 0, 'too_many_parameters': 0, 'deep_nesting': 0, 'large_file': 0, 'god_class': 0}","92.9","1"
"https://github.com/python-attrs/attrs.git","src/attr/exceptions.py","b6ead289676d928db89cfbf6a86dcb36791278c5","2017-04-20T12:59:33Z","0.0843","1","20","0","3","1","0","{'long_function': 0, 'too_many_parameters': 0, 'deep_nesting': 0, 'large_file': 0, 'god_class': 0}","97.0","1"
"https://github.com/python-attrs/attrs.git","src/attr/filters.py","b6ead289676d928db89cfbf6a86dcb36791278c5","2017-04-20T12:59:33Z","0.0356","7","36","5","0","2","0","{'long_function': 0, 'too_many_parameters': 0, 'deep_nesting': 0, 'large_file': 0, 'god_class': 0}","84.2","0"
"https://github.com/python-attrs/attrs.git","src/attr/validators.py","b6ead289676d928db89cfbf6a86dcb36791278c5","2017-04-20T12:59:33Z","0.0356","4","88","9","3","3","0","{'long_function': 0, 'too_many_parameters': 0, 'deep_nesting': 0, 'large_file': 0, 'god_class': 0}","87.6","1"
"https://github.com/python-attrs/attrs.git","src/attr/_compat.py","b6ead289676d928db89cfbf6a86dcb36791278c5","2017-04-20T12:59:33Z","0.0994","2","54","16","1","3","0","{'long_function': 0, 'too_many_parameters': 0, 'deep_nesting': 0, 'large_file': 0, 'god_class': 0}","93.3","0"
"https://github.com/python-attrs/attrs.git","src/attr/_config.py","b6ead289676d928db89cfbf6a86dcb36791278c5","2017-04-20T12:59:33Z","0.0356","2","16","2","0","2","0","{'long_function': 0, 'too_many_parameters': 0, 'deep_nesting': 0, 'large_file': 0, 'god_class': 0}","95.2","0"
"https://github.com/python-attrs/attrs.git","src/attr/_funcs.py","b6ead289676d928db89cfbf6a86dcb36791278c5","2017-04-20T12:59:33Z","0.0356","36","188","5","0","6","6","{'long_function': 2, 'too_many_parameters': 0, 'deep_nesting': 4, 'large_file': 0, 'god_class': 0}","0","1"
"https://github.com/python-attrs/attrs.git","src/attr/_make.py","b6ead289676d928db89cfbf6a86dcb36791278c5","2017-04-20T12:59:33Z","0.091","128","803","49","5","6","18","{'long_function': 6, 'too_many_parameters': 4, 'deep_nesting': 7, 'large_file': 1, 'god_class': 0}","0","1"
"https://github.com/python-attrs/attrs.git","src/attr/__init__.py","b6ead289676d928db89cfbf6a86dcb36791278c5","2017-04-20T12:59:33Z","0.0356","1","60","0","0","0","0","{'long_function': 0, 'too_many_parameters': 0, 'deep_nesting': 0, 'large_file': 0, 'god_class': 0}","95.0","1"
"https://github.com/python-attrs/attrs.git","tests/test_config.py","b6ead289676d928db89cfbf6a86dcb36791278c5","2017-04-20T12:59:33Z","0.0356","1","35","4","1","3","0","{'long_function': 0, 'too_many_parameters': 0, 'deep_nesting': 0, 'large_file': 0, 'god_class': 0}","96.25","0"
"https://github.com/python-attrs/attrs.git","tests/test_dark_magic.py","b6ead289676d928db89cfbf6a86dcb36791278c5","2017-04-20T12:59:33Z","0.0356","4","196","14","17","3","1","{'long_function': 0, 'too_many_parameters': 0, 'deep_nesting': 0, 'large_file': 0, 'god_class': 1}","77.2","1"
"https://github.com/python-attrs/attrs.git","tests/test_dunders.py","b6ead289676d928db89cfbf6a86dcb36791278c5","2017-04-20T12:59:33Z","0.0356","8","412","38","15","4","1","{'long_function': 0, 'too_many_parameters': 0, 'deep_nesting': 0, 'large_file': 0, 'god_class': 1}","58.4","1"
"https://github.com/python-attrs/attrs.git","tests/test_filters.py","b6ead289676d928db89cfbf6a86dcb36791278c5","2017-04-20T12:59:33Z","0.0356","1","79","5","4","2","0","{'long_function': 0, 'too_many_parameters': 0, 'deep_nesting': 0, 'large_file': 0, 'god_class': 0}","94.05","0"
"https://github.com/python-attrs/attrs.git","tests/test_funcs.py","b6ead289676d928db89cfbf6a86dcb36791278c5","2017-04-20T12:59:33Z","0.0356","27","389","34","9","9","16","{'long_function': 0, 'too_many_parameters': 0, 'deep_nesting': 16, 'large_file': 0, 'god_class': 0}","0","1"
"https://github.com/python-attrs/attrs.git","tests/test_make.py","b6ead289676d928db89cfbf6a86dcb36791278c5","2017-04-20T12:59:33Z","0.0356","15","563","55","34","5","4","{'long_function': 0, 'too_many_parameters': 0, 'deep_nesting': 3, 'large_file': 1, 'god_class': 0}","21.85","1"
"https://github.com/python-attrs/attrs.git","tests/test_slots.py","b6ead289676d928db89cfbf6a86dcb36791278c5","2017-04-20T12:59:33Z","0.0356","5","212","22","10","3","1","{'long_function': 1, 'too_many_parameters': 0, 'deep_nesting': 0, 'large_file': 0, 'god_class': 0}","74.4","0"
"https://github.com/python-attrs/attrs.git","tests/test_validators.py","b6ead289676d928db89cfbf6a86dcb36791278c5","2017-04-20T12:59:33Z","0.0356","1","131","13","5","4","0","{'long_function': 0, 'too_many_parameters': 0, 'deep_nesting': 0, 'large_file': 0, 'god_class': 0}","91.45","1"
"https://github.com/python-attrs/attrs.git","tests/utils.py","b6ead289676d928db89cfbf6a86dcb36791278c5","2017-04-20T12:59:33Z","0.1564","14","173","16","1","4","2","{'long_function': 0, 'too_many_parameters': 2, 'deep_nesting': 0, 'large_file': 0, 'god_class': 0}","53.35","1"
"https://github.com/python-attrs/attrs.git","tests/__init__.py","b6ead289676d928db89cfbf6a86dcb36791278c5","2017-04-20T12:59:33Z","0.0356","1","0","0","0","0","0","{'long_function': 0, 'too_many_parameters': 0, 'deep_nesting': 0, 'large_file': 0, 'god_class': 0}","98.0","0"
"https://github.com/python-attrs/attrs.git","conftest.py","d0806d9d2fa85dc97db5493d7ddcee7455fe0655","2019-03-21T14:38:32Z","0.0266","3","28","2","1","2","0","{'long_function': 0, 'too_many_parameters': 0, 'deep_nesting': 0, 'large_file': 0, 'god_class': 0}","92.6","0"
"https://github.com/python-attrs/attrs.git","setup.py","d0806d9d2fa85dc97db5493d7ddcee7455fe0655","2019-03-21T14:38:32Z","0.0266","3","105","2","0","2","0","{'long_function': 0, 'too_many_parameters': 0, 'deep_nesting': 0, 'large_file': 0, 'god_class': 0}","88.75","0"
"https://github.com/python-attrs/attrs.git","docs/conf.py","d0806d9d2fa85dc97db5493d7ddcee7455fe0655","2019-03-21T14:38:32Z","0.0266","2","72","2","0","2","0","{'long_function': 0, 'too_many_parameters': 0, 'deep_nesting': 0, 'large_file': 0, 'god_class': 0}","92.4","0"
"https://github.com/python-attrs/attrs.git","src/attr/converters.py","d0806d9d2fa85dc97db5493d7ddcee7455fe0655","2019-03-21T14:38:32Z","0.0266","11","56","5","0","4","0","{'long_function': 0, 'too_many_parameters': 0, 'deep_nesting': 0, 'large_file': 0, 'god_class': 0}","75.2","0"
"https://github.com/python-attrs/attrs.git","src/attr/exceptions.py","d0806d9d2fa85dc97db5493d7ddcee7455fe0655","2019-03-21T14:38:32Z","0.0726","1","37","0","6","1","0","{'long_function': 0, 'too_many_parameters': 0, 'deep_nesting': 0, 'large_file': 0, 'god_class': 0}","96.15","0"
"https://github.com/python-attrs/attrs.git","src/attr/filters.py","d0806d9d2fa85dc97db5493d7ddcee7455fe0655","2019-03-21T14:38:32Z","0.0266","7","36","5","0","2","0","{'long_function': 0, 'too_many_parameters': 0, 'deep_nesting': 0, 'large_file': 0, 'god_class': 0}","84.2","0"
"https://github.com/python-attrs/attrs.git","src/attr/validators.py","d0806d9d2fa85dc97db5493d7ddcee7455fe0655","2019-03-21T14:38:32Z","0.0266","13","225","21","7","3","0","{'long_function': 0, 'too_many_parameters': 0, 'deep_nesting': 0, 'large_file': 0, 'god_class': 0}","62.75","0"
"https://github.com/python-attrs/attrs.git","src/attr/_compat.py","d0806d9d2fa85dc97db5493d7ddcee7455fe0655","2019-03-21T14:38:32Z","0.0839","6","106","19","1","3","0","{'long_function': 0, 'too_many_parameters': 0, 'deep_nesting': 0, 'large_file': 0, 'god_class': 0}","82.7","1"
"https://github.com/python-attrs/attrs.git","src/attr/_config.py","d0806d9d2fa85dc97db5493d7ddcee7455fe0655","2019-03-21T14:38:32Z","0.0266","2","16","2","0","2","0","{'long_function': 0, 'too_many_parameters': 0, 'deep_nesting': 0, 'large_file': 0, 'god_class': 0}","95.2","0"
"https://github.com/python-attrs/attrs.git","src/attr/_funcs.py","d0806d9d2fa85dc97db5493d7ddcee7455fe0655","2019-03-21T14:38:32Z","0.0266","38","254","6","0","6","6","{'long_function': 2, 'too_many_parameters': 0, 'deep_nesting': 4, 'large_file': 0, 'god_class': 0}","0","1"
"https://github.com/python-attrs/attrs.git","src/attr/_make.py","d0806d9d2fa85dc97db5493d7ddcee7455fe0655","2019-03-21T14:38:32Z","0.0906","227","1623","72","6","6","40","{'long_function': 9, 'too_many_parameters': 7, 'deep_nesting': 22, 'large_file': 1, 'god_class': 1}","0","0"
"https://github.com/python-attrs/attrs.git","src/attr/__init__.py","d0806d9d2fa85dc97db5493d7ddcee7455fe0655","2019-03-21T14:38:32Z","0.0266","1","55","0","0","0","0","{'long_function': 0, 'too_many_parameters': 0, 'deep_nesting': 0, 'large_file': 0, 'god_class': 0}","95.25","0"
"https://github.com/python-attrs/attrs.git","tests/strategies.py","d0806d9d2fa85dc97db5493d7ddcee7455fe0655","2019-03-21T14:38:32Z","0.0605","15","161","12","0","4","1","{'long_function': 1, 'too_many_parameters': 0, 'deep_nesting': 0, 'large_file': 0, 'god_class': 0}","56.95","0"
"https://github.com/python-attrs/attrs.git","tests/test_annotations.py","d0806d9d2fa85dc97db5493d7ddcee7455fe0655","2019-03-21T14:38:32Z","0.0266","3","208","11","15","4","2","{'long_function': 1, 'too_many_parameters': 0, 'deep_nesting': 0, 'large_file': 0, 'god_class': 1}","73.6","0"
"https://github.com/python-attrs/attrs.git","tests/test_config.py","d0806d9d2fa85dc97db5493d7ddcee7455fe0655","2019-03-21T14:38:32Z","0.0266","1","35","4","1","3","0","{'long_function': 0, 'too_many_parameters': 0, 'deep_nesting': 0, 'large_file': 0, 'god_class': 0}","96.25","0"
"https://github.com/python-attrs/attrs.git","tests/test_converters.py","d0806d9d2fa85dc97db5493d7ddcee7455fe0655","2019-03-21T14:38:32Z","0.0266","1","72","9","2","3","0","{'long_function': 0, 'too_many_parameters': 0, 'deep_nesting': 0, 'large_file': 0, 'god_class': 0}","94.4","0"
"https://github.com/python-attrs/attrs.git","tests/test_dark_magic.py","d0806d9d2fa85dc97db5493d7ddcee7455fe0655","2019-03-21T14:38:32Z","0.0266","12","459","26","35","4","2","{'long_function': 0, 'too_many_parameters': 1, 'deep_nesting': 0, 'large_file': 0, 'god_class': 1}","43.05","0"
"https://github.com/python-attrs/attrs.git","tests/test_dunders.py","d0806d9d2fa85dc97db5493d7ddcee7455fe0655","2019-03-21T14:38:32Z","0.0266","8","595","50","21","5","4","{'long_function': 0, 'too_many_parameters': 0, 'deep_nesting': 1, 'large_file': 1, 'god_class': 2}","34.25","0"
"https://github.com/python-attrs/attrs.git","tests/test_filters.py","d0806d9d2fa85dc97db5493d7ddcee7455fe0655","2019-03-21T14:38:32Z","0.0266","1","92","5","4","2","0","{'long_function': 0, 'too_many_parameters': 0, 'deep_nesting': 0, 'large_file': 0, 'god_class': 0}","93.4","0"
"https://github.com/python-attrs/attrs.git","tests/test_funcs.py","d0806d9d2fa85dc97db5493d7ddcee7455fe0655","2019-03-21T14:38:32Z","0.0266","27","436","40","13","9","17","{'long_function': 0, 'too_many_parameters': 0, 'deep_nesting': 16, 'large_file': 0, 'god_class': 1}","0","0"
"https://github.com/python-attrs/attrs.git","tests/test_init_subclass.py","d0806d9d2fa85dc97db5493d7ddcee7455fe0655","2019-03-21T14:38:32Z","0.0266","1","33","4","4","3","0","{'long_function': 0, 'too_many_parameters': 0, 'deep_nesting': 0, 'large_file': 0, 'god_class': 0}","96.35","0"
"https://github.com/python-attrs/attrs.git","tests/test_make.py","d0806d9d2fa85dc97db5493d7ddcee7455fe0655","2019-03-21T14:38:32Z","0.0266","25","1145","101","74","5","5","{'long_function': 0, 'too_many_parameters': 0, 'deep_nesting': 3, 'large_file': 1, 'god_class': 1}","0","0"
"https://github.com/python-attrs/attrs.git","tests/test_slots.py","d0806d9d2fa85dc97db5493d7ddcee7455fe0655","2019-03-21T14:38:32Z","0.0266","8","366","40","22","4","2","{'long_function': 2, 'too_many_parameters': 0, 'deep_nesting': 0, 'large_file': 0, 'god_class': 0}","55.7","0"
"https://github.com/python-attrs/attrs.git","tests/test_validators.py","d0806d9d2fa85dc97db5493d7ddcee7455fe0655","2019-03-21T14:38:32Z","0.0266","4","488","48","11","4","0","{'long_function': 0, 'too_many_parameters': 0, 'deep_nesting': 0, 'large_file': 0, 'god_class': 0}","67.6","0"
"https://github.com/python-attrs/attrs.git","tests/typing_example.py","d0806d9d2fa85dc97db5493d7ddcee7455fe0655","2019-03-21T14:38:32Z","0.0266","2","48","0","11","1","0","{'long_function': 0, 'too_many_parameters': 0, 'deep_nesting': 0, 'large_file': 0, 'god_class': 0}","93.6","1"
"https://github.com/python-attrs/attrs.git","tests/utils.py","d0806d9d2fa85dc97db5493d7ddcee7455fe0655","2019-03-21T14:38:32Z","0.1344","1","69","4","1","2","2","{'long_function': 0, 'too_many_parameters': 2, 'deep_nesting': 0, 'large_file': 0, 'god_class': 0}","84.55","0"
"https://github.com/python-attrs/attrs.git","tests/__init__.py","d0806d9d2fa85dc97db5493d7ddcee7455fe0655","2019-03-21T14:38:32Z","0.0266","1","0","0","0","0","0","{'long_function': 0, 'too_many_parameters': 0, 'deep_nesting': 0, 'large_file': 0, 'god_class': 0}","98.0","0"
"https://github.com/python-attrs/attrs.git","conftest.py","fe6eb3120013833d1927374eb5e826b72815a775","2021-02-19T06:01:09Z","0.0202","2","18","1","0","1","0","{'long_function': 0, 'too_many_parameters': 0, 'deep_nesting': 0, 'large_file': 0, 'god_class': 0}","95.1","1"
"https://github.com/python-attrs/attrs.git","setup.py","fe6eb3120013833d1927374eb5e826b72815a775","2021-02-19T06:01:09Z","0.0202","5","120","2","0","2","0","{'long_function': 0, 'too_many_parameters': 0, 'deep_nesting': 0, 'large_file': 0, 'god_class': 0}","84.0","1"
"https://github.com/python-attrs/attrs.git","docs/conf.py","fe6eb3120013833d1927374eb5e826b72815a775","2021-02-19T06:01:09Z","0.0202","2","80","2","0","2","0","{'long_function': 0, 'too_many_parameters': 0, 'deep_nesting': 0, 'large_file': 0, 'god_class': 0}","92.0","0"
"https://github.com/python-attrs/attrs.git","src/attr/converters.py","fe6eb3120013833d1927374eb5e826b72815a775","2021-02-19T06:01:09Z","0.0202","18","83","5","0","4","0","{'long_function': 0, 'too_many_parameters': 0, 'deep_nesting': 0, 'large_file': 0, 'god_class': 0}","59.85","0"
"https://github.com/python-attrs/attrs.git","src/attr/exceptions.py","fe6eb3120013833d1927374eb5e826b72815a775","2021-02-19T06:01:09Z","0.0879","1","61","2","9","2","0","{'long_function': 0, 'too_many_parameters': 0, 'deep_nesting': 0, 'large_file': 0, 'god_class': 0}","94.95","1"
"https://github.com/python-attrs/attrs.git","src/attr/filters.py","fe6eb3120013833d1927374eb5e826b72815a775","2021-02-19T06:01:09Z","0.0202","7","36","5","0","2","0","{'long_function': 0, 'too_many_parameters': 0, 'deep_nesting': 0, 'large_file': 0, 'god_class': 0}","84.2","0"
"https://github.com/python-attrs/attrs.git","src/attr/setters.py","fe6eb3120013833d1927374eb5e826b72815a775","2021-02-19T06:01:09Z","0.0202","5","51","5","0","3","0","{'long_function': 0, 'too_many_parameters': 0, 'deep_nesting': 0, 'large_file': 0, 'god_class': 0}","87.45","0"
"https://github.com/python-attrs/attrs.git","src/attr/validators.py","fe6eb3120013833d1927374eb5e826b72815a775","2021-02-19T06:01:09Z","0.0202","21","302","24","8","4","0","{'long_function': 0, 'too_many_parameters': 0, 'deep_nesting': 0, 'large_file': 0, 'god_class': 0}","42.9","0"
"https://github.com/python-attrs/attrs.git","src/attr/_compat.py","fe6eb3120013833d1927374eb5e826b72815a775","2021-02-19T06:01:09Z","0.0794","13","152","23","1","4","1","{'long_function': 1, 'too_many_parameters': 0, 'deep_nesting': 0, 'large_file': 0, 'god_class': 0}","61.4","1"
"https://github.com/python-attrs/attrs.git","src/attr/_config.py","fe6eb3120013833d1927374eb5e826b72815a775","2021-02-19T06:01:09Z","0.0202","2","16","2","0","2","0","{'long_function': 0, 'too_many_parameters': 0, 'deep_nesting': 0, 'large_file': 0, 'god_class': 0}","95.2","0"
"https://github.com/python-attrs/attrs.git","src/attr/_funcs.py","fe6eb3120013833d1927374eb5e826b72815a775","2021-02-19T06:01:09Z","0.0287","44","339","7","0","6","9","{'long_function': 3, 'too_many_parameters': 1, 'deep_nesting': 5, 'large_file': 0, 'god_class': 0}","0","1"
"https://github.com/python-attrs/attrs.git","src/attr/_make.py","fe6eb3120013833d1927374eb5e826b72815a775","2021-02-19T06:01:09Z","0.0797","332","2310","98","7","7","52","{'long_function': 12, 'too_many_parameters': 8, 'deep_nesting': 30, 'large_file': 1, 'god_class': 1}","0","1"
"https://github.com/python-attrs/attrs.git","src/attr/_next_gen.py","fe6eb3120013833d1927374eb5e826b72815a775","2021-02-19T06:01:09Z","0.0202","9","130","4","0","5","4","{'long_function': 1, 'too_many_parameters': 2, 'deep_nesting': 1, 'large_file': 0, 'god_class': 0}","55.5","1"
"https://github.com/python-attrs/attrs.git","src/attr/_version_info.py","fe6eb3120013833d1927374eb5e826b72815a775","2021-02-19T06:01:09Z","0.0202","7","64","4","1","3","0","{'long_function': 0, 'too_many_parameters': 0, 'deep_nesting': 0, 'large_file': 0, 'god_class': 0}","82.8","0"
"https://github.com/python-attrs/attrs.git","src/attr/__init__.py","fe6eb3120013833d1927374eb5e826b72815a775","2021-02-19T06:01:09Z","0.0202","2","63","0","0","1","0","{'long_function': 0, 'too_many_parameters': 0, 'deep_nesting': 0, 'large_file': 0, 'god_class': 0}","92.85","1"
"https://github.com/python-attrs/attrs.git","tests/strategies.py","fe6eb3120013833d1927374eb5e826b72815a775","2021-02-19T06:01:09Z","0.063","17","147","8","0","4","1","{'long_function': 1, 'too_many_parameters': 0, 'deep_nesting': 0, 'large_file': 0, 'god_class': 0}","53.65","0"
"https://github.com/python-attrs/attrs.git","tests/test_annotations.py","fe6eb3120013833d1927374eb5e826b72815a775","2021-02-19T06:01:09Z","0.0202","3","469","46","30","4","2","{'long_function': 1, 'too_many_parameters': 0, 'deep_nesting': 0, 'large_file': 0, 'god_class': 1}","60.55","1"
"https://github.com/python-attrs/attrs.git","tests/test_config.py","fe6eb3120013833d1927374eb5e826b72815a775","2021-02-19T06:01:09Z","0.0202","1","35","4","1","3","0","{'long_function': 0, 'too_many_parameters': 0, 'deep_nesting': 0, 'large_file': 0, 'god_class': 0}","96.25","0"
"https://github.com/python-attrs/attrs.git","tests/test_converters.py","fe6eb3120013833d1927374eb5e826b72815a775","2021-02-19T06:01:09Z","0.0202","1","100","12","4","3","0","{'long_function': 0, 'too_many_parameters': 0, 'deep_nesting': 0, 'large_file': 0, 'god_class': 0}","93.0","0"
"https://github.com/python-attrs/attrs.git","tests/test_dunders.py","fe6eb3120013833d1927374eb5e826b72815a775","2021-02-19T06:01:09Z","0.0202","11","683","57","27","4","3","{'long_function': 0, 'too_many_parameters': 0, 'deep_nesting': 0, 'large_file': 1, 'god_class': 2}","28.85","1"
"https://github.com/python-attrs/attrs.git","tests/test_filters.py","fe6eb3120013833d1927374eb5e826b72815a775","2021-02-19T06:01:09Z","0.0202","1","92","5","4","2","0","{'long_function': 0, 'too_many_parameters': 0, 'deep_nesting': 0, 'large_file': 0, 'god_class': 0}","93.4","0"
"https://github.com/python-attrs/attrs.git","tests/test_funcs.py","fe6eb3120013833d1927374eb5e826b72815a775","2021-02-19T06:01:09Z","0.0202","28","493","44","17","9","18","{'long_function': 0, 'too_many_parameters': 0, 'deep_nesting': 16, 'large_file': 0, 'god_class': 2}","0","1"
"https://github.com/python-attrs/attrs.git","tests/test_functional.py","fe6eb3120013833d1927374eb5e826b72815a775","2021-02-19T06:01:09Z","0.0202","27","547","29","38","6","6","{'long_function': 1, 'too_many_parameters': 1, 'deep_nesting': 2, 'large_file': 1, 'god_class': 1}","0","1"
"https://github.com/python-attrs/attrs.git","tests/test_hooks.py","fe6eb3120013833d1927374eb5e826b72815a775","2021-02-19T06:01:09Z","0.0202","9","145","16","13","4","0","{'long_function': 0, 'too_many_parameters': 0, 'deep_nesting': 0, 'large_file': 0, 'god_class': 0}","74.75","1"
"https://github.com/python-attrs/attrs.git","tests/test_init_subclass.py","fe6eb3120013833d1927374eb5e826b72815a775","2021-02-19T06:01:09Z","0.0202","1","33","4","4","3","0","{'long_function': 0, 'too_many_parameters': 0, 'deep_nesting': 0, 'large_file': 0, 'god_class': 0}","96.35","0"
"https://github.com/python-attrs/attrs.git","tests/test_make.py","fe6eb3120013833d1927374eb5e826b72815a775","2021-02-19T06:01:09Z","0.0202","39","1758","157","120","5","8","{'long_function': 0, 'too_many_parameters': 1, 'deep_nesting': 3, 'large_file': 1, 'god_class': 3}","0","1"
"https://github.com/python-attrs/attrs.git","tests/test_next_gen.py","fe6eb3120013833d1927374eb5e826b72815a775","2021-02-19T06:01:09Z","0.0202","3","228","18","23","5","2","{'long_function': 0, 'too_many_parameters': 0, 'deep_nesting': 1, 'large_file': 0, 'god_class': 1}","72.6","0"
"https://github.com/python-attrs/attrs.git","tests/test_setattr.py","fe6eb3120013833d1927374eb5e826b72815a775","2021-02-19T06:01:09Z","0.0202","2","316","29","28","5","3","{'long_function': 0, 'too_many_parameters': 0, 'deep_nesting': 2, 'large_file': 0, 'god_class': 1}","65.2","0"
"https://github.com/python-attrs/attrs.git","tests/test_slots.py","fe6eb3120013833d1927374eb5e826b72815a775","2021-02-19T06:01:09Z","0.0202","8","520","55","37","4","3","{'long_function': 2, 'too_many_parameters': 0, 'deep_nesting': 0, 'large_file': 1, 'god_class': 0}","43.0","0"
"https://github.com/python-attrs/attrs.git","tests/test_validators.py","fe6eb3120013833d1927374eb5e826b72815a775","2021-02-19T06:01:09Z","0.0202","6","600","58","15","4","1","{'long_function': 0, 'too_many_parameters': 0, 'deep_nesting': 0, 'large_file': 1, 'god_class': 0}","53.0","0"
"https://github.com/python-attrs/attrs.git","tests/test_version_info.py","fe6eb3120013833d1927374eb5e826b72815a775","2021-02-19T06:01:09Z","0.0202","1","49","6","1","3","0","{'long_function': 0, 'too_many_parameters': 0, 'deep_nesting': 0, 'large_file': 0, 'god_class': 0}","95.55","0"
"https://github.com/python-attrs/attrs.git","tests/typing_example.py","fe6eb3120013833d1927374eb5e826b72815a775","2021-02-19T06:01:09Z","0.0202","2","144","2","21","2","0","{'long_function': 0, 'too_many_parameters': 0, 'deep_nesting': 0, 'large_file': 0, 'god_class': 0}","88.8","1"
"https://github.com/python-attrs/attrs.git","tests/utils.py","fe6eb3120013833d1927374eb5e826b72815a775","2021-02-19T06:01:09Z","0.1166","2","74","4","1","2","2","{'long_function': 0, 'too_many_parameters': 2, 'deep_nesting': 0, 'large_file': 0, 'god_class': 0}","82.3","0"
"https://github.com/python-attrs/attrs.git","tests/__init__.py","fe6eb3120013833d1927374eb5e826b72815a775","2021-02-19T06:01:09Z","0.0202","1","0","0","0","0","0","{'long_function': 0, 'too_many_parameters': 0, 'deep_nesting': 0, 'large_file': 0, 'god_class': 0}","98.0","0"
"https://github.com/python-attrs/attrs.git","conftest.py","c98b6cb24f368c3fda5f08e78099d00adde3d8f8","2022-07-27T14:01:15Z","0.018","3","19","1","0","1","0","{'long_function': 0, 'too_many_parameters': 0, 'deep_nesting': 0, 'large_file': 0, 'god_class': 0}","93.05","1"
"https://github.com/python-attrs/attrs.git","setup.py","c98b6cb24f368c3fda5f08e78099d00adde3d8f8","2022-07-27T14:01:15Z","0.018","5","127","2","0","2","0","{'long_function': 0, 'too_many_parameters': 0, 'deep_nesting': 0, 'large_file': 0, 'god_class': 0}","83.65","1"
"https://github.com/python-attrs/attrs.git","docs/conf.py","c98b6cb24f368c3fda5f08e78099d00adde3d8f8","2022-07-27T14:01:15Z","0.018","1","64","0","0","0","0","{'long_function': 0, 'too_many_parameters': 0, 'deep_nesting': 0, 'large_file': 0, 'god_class': 0}","94.8","0"
"https://github.com/python-attrs/attrs.git","src/attr/converters.py","c98b6cb24f368c3fda5f08e78099d00adde3d8f8","2022-07-27T14:01:15Z","0.018","17","104","6","0","4","0","{'long_function': 0, 'too_many_parameters': 0, 'deep_nesting': 0, 'large_file': 0, 'god_class': 0}","60.8","1"
"https://github.com/python-attrs/attrs.git","src/attr/exceptions.py","c98b6cb24f368c3fda5f08e78099d00adde3d8f8","2022-07-27T14:01:15Z","0.0611","1","60","2","9","2","0","{'long_function': 0, 'too_many_parameters': 0, 'deep_nesting': 0, 'large_file': 0, 'god_class': 0}","95.0","0"
"https://github.com/python-attrs/attrs.git","src/attr/filters.py","c98b6cb24f368c3fda5f08e78099d00adde3d8f8","2022-07-27T14:01:15Z","0.018","7","34","5","0","2","0","{'long_function': 0, 'too_many_parameters': 0, 'deep_nesting': 0, 'large_file': 0, 'god_class': 0}","84.3","0"
"https://github.com/python-attrs/attrs.git","src/attr/setters.py","c98b6cb24f368c3fda5f08e78099d00adde3d8f8","2022-07-27T14:01:15Z","0.018","5","45","5","0","3","0","{'long_function': 0, 'too_many_parameters': 0, 'deep_nesting': 0, 'large_file': 0, 'god_class': 0}","87.75","0"
"https://github.com/python-attrs/attrs.git","src/attr/validators.py","c98b6cb24f368c3fda5f08e78099d00adde3d8f8","2022-07-27T14:01:15Z","0.018","27","459","39","11","3","0","{'long_function': 0, 'too_many_parameters': 0, 'deep_nesting': 0, 'large_file': 0, 'god_class': 0}","23.05","1"
"https://github.com/python-attrs/attrs.git","src/attr/_cmp.py","c98b6cb24f368c3fda5f08e78099d00adde3d8f8","2022-07-27T14:01:15Z","0.018","13","110","7","0","3","2","{'long_function': 1, 'too_many_parameters': 1, 'deep_nesting': 0, 'large_file': 0, 'god_class': 0}","58.5","0"
"https://github.com/python-attrs/attrs.git","src/attr/_compat.py","c98b6cb24f368c3fda5f08e78099d00adde3d8f8","2022-07-27T14:01:15Z","0.043","15","116","12","1","4","1","{'long_function': 1, 'too_many_parameters': 0, 'deep_nesting': 0, 'large_file': 0, 'god_class': 0}","59.2","1"
"https://github.com/python-attrs/attrs.git","src/attr/_config.py","c98b6cb24f368c3fda5f08e78099d00adde3d8f8","2022-07-27T14:01:15Z","0.018","2","21","2","0","2","0","{'long_function': 0, 'too_many_parameters': 0, 'deep_nesting': 0, 'large_file': 0, 'god_class': 0}","94.95","0"
"https://github.com/python-attrs/attrs.git","src/attr/_funcs.py","c98b6cb24f368c3fda5f08e78099d00adde3d8f8","2022-07-27T14:01:15Z","0.0307","45","359","7","0","6","11","{'long_function': 3, 'too_many_parameters': 2, 'deep_nesting': 6, 'large_file': 0, 'god_class': 0}","0","0"
"https://github.com/python-attrs/attrs.git","src/attr/_make.py","c98b6cb24f368c3fda5f08e78099d00adde3d8f8","2022-07-27T14:01:15Z","0.059","347","2375","95","7","6","57","{'long_function': 14, 'too_many_parameters': 8, 'deep_nesting': 33, 'large_file': 1, 'god_class': 1}","0","1"
"https://github.com/python-attrs/attrs.git","src/attr/_next_gen.py","c98b6cb24f368c3fda5f08e78099d00adde3d8f8","2022-07-27T14:01:15Z","0.018","9","175","6","0","5","4","{'long_function': 1, 'too_many_parameters': 2, 'deep_nesting': 1, 'large_file': 0, 'god_class': 0}","53.25","1"
"https://github.com/python-attrs/attrs.git","src/attr/_version_info.py","c98b6cb24f368c3fda5f08e78099d00adde3d8f8","2022-07-27T14:01:15Z","0.018","7","63","4","1","3","0","{'long_function': 0, 'too_many_parameters': 0, 'deep_nesting': 0, 'large_file': 0, 'god_class': 0}","82.85","0"
"https://github.com/python-attrs/attrs.git","src/attr/__init__.py","c98b6cb24f368c3fda5f08e78099d00adde3d8f8","2022-07-27T14:01:15Z","0.018","2","64","0","0","1","0","{'long_function': 0, 'too_many_parameters': 0, 'deep_nesting': 0, 'large_file': 0, 'god_class': 0}","92.8","1"
"https://github.com/python-attrs/attrs.git","src/attrs/converters.py","c98b6cb24f368c3fda5f08e78099d00adde3d8f8","2022-07-27T14:01:15Z","0.018","1","1","0","0","0","0","{'long_function': 0, 'too_many_parameters': 0, 'deep_nesting': 0, 'large_file': 0, 'god_class': 0}","97.95","0"
"https://github.com/python-attrs/attrs.git","src/attrs/exceptions.py","c98b6cb24f368c3fda5f08e78099d00adde3d8f8","2022-07-27T14:01:15Z","0.0611","1","1","0","0","0","0","{'long_function': 0, 'too_many_parameters': 0, 'deep_nesting': 0, 'large_file': 0, 'god_class': 0}","97.95","0"
"https://github.com/python-attrs/attrs.git","src/attrs/filters.py","c98b6cb24f368c3fda5f08e78099d00adde3d8f8","2022-07-27T14:01:15Z","0.018","1","1","0","0","0","0","{'long_function': 0, 'too_many_parameters': 0, 'deep_nesting': 0, 'large_file': 0, 'god_class': 0}","97.95","0"
"https://github.com/python-attrs/attrs.git","src/attrs/setters.py","c98b6cb24f368c3fda5f08e78099d00adde3d8f8","2022-07-27T14:01:15Z","0.018","1","1","0","0","0","0","{'long_function': 0, 'too_many_parameters': 0, 'deep_nesting': 0, 'large_file': 0, 'god_class': 0}","97.95","0"
"https://github.com/python-attrs/attrs.git","src/attrs/validators.py","c98b6cb24f368c3fda5f08e78099d00adde3d8f8","2022-07-27T14:01:15Z","0.018","1","1","0","0","0","0","{'long_function': 0, 'too_many_parameters': 0, 'deep_nesting': 0, 'large_file': 0, 'god_class': 0}","97.95","0"
"https://github.com/python-attrs/attrs.git","src/attrs/__init__.py","c98b6cb24f368c3fda5f08e78099d00adde3d8f8","2022-07-27T14:01:15Z","0.018","1","65","0","0","0","0","{'long_function': 0, 'too_many_parameters': 0, 'deep_nesting': 0, 'large_file': 0, 'god_class': 0}","94.75","1"
"https://github.com/python-attrs/attrs.git","tests/attr_import_star.py","c98b6cb24f368c3fda5f08e78099d00adde3d8f8","2022-07-27T14:01:15Z","0.018","1","1","0","0","0","0","{'long_function': 0, 'too_many_parameters': 0, 'deep_nesting': 0, 'large_file': 0, 'god_class': 0}","97.95","0"
"https://github.com/python-attrs/attrs.git","tests/dataclass_transform_example.py","c98b6cb24f368c3fda5f08e78099d00adde3d8f8","2022-07-27T14:01:15Z","0.018","1","22","0","4","1","0","{'long_function': 0, 'too_many_parameters': 0, 'deep_nesting': 0, 'large_file': 0, 'god_class': 0}","96.9","0"
"https://github.com/python-attrs/attrs.git","tests/strategies.py","c98b6cb24f368c3fda5f08e78099d00adde3d8f8","2022-07-27T14:01:15Z","0.0561","16","146","8","0","4","1","{'long_function': 1, 'too_many_parameters': 0, 'deep_nesting': 0, 'large_file': 0, 'god_class': 0}","55.7","0"
"https://github.com/python-attrs/attrs.git","tests/test_3rd_party.py","c98b6cb24f368c3fda5f08e78099d00adde3d8f8","2022-07-27T14:01:15Z","0.018","1","19","1","1","2","0","{'long_function': 0, 'too_many_parameters': 0, 'deep_nesting': 0, 'large_file': 0, 'god_class': 0}","97.05","0"
"https://github.com/python-attrs/attrs.git","tests/test_annotations.py","c98b6cb24f368c3fda5f08e78099d00adde3d8f8","2022-07-27T14:01:15Z","0.018","3","517","51","34","4","3","{'long_function': 1, 'too_many_parameters': 0, 'deep_nesting': 0, 'large_file': 1, 'god_class': 1}","53.15","1"
"https://github.com/python-attrs/attrs.git","tests/test_cmp.py","c98b6cb24f368c3fda5f08e78099d00adde3d8f8","2022-07-27T14:01:15Z","0.018","8","396","38","6","4","1","{'long_function': 0, 'too_many_parameters': 0, 'deep_nesting': 0, 'large_file': 0, 'god_class': 1}","59.2","0"
"https://github.com/python-attrs/attrs.git","tests/test_compat.py","c98b6cb24f368c3fda5f08e78099d00adde3d8f8","2022-07-27T14:01:15Z","0.018","1","37","3","1","3","0","{'long_function': 0, 'too_many_parameters': 0, 'deep_nesting': 0, 'large_file': 0, 'god_class': 0}","96.15","0"
"https://github.com/python-attrs/attrs.git","tests/test_config.py","c98b6cb24f368c3fda5f08e78099d00adde3d8f8","2022-07-27T14:01:15Z","0.018","1","34","4","1","3","0","{'long_function': 0, 'too_many_parameters': 0, 'deep_nesting': 0, 'large_file': 0, 'god_class': 0}","96.3","0"
"https://github.com/python-attrs/attrs.git","tests/test_converters.py","c98b6cb24f368c3fda5f08e78099d00adde3d8f8","2022-07-27T14:01:15Z","0.018","1","125","16","5","3","0","{'long_function': 0, 'too_many_parameters': 0, 'deep_nesting': 0, 'large_file': 0, 'god_class': 0}","91.75","0"
"https://github.com/python-attrs/attrs.git","tests/test_dunders.py","c98b6cb24f368c3fda5f08e78099d00adde3d8f8","2022-07-27T14:01:15Z","0.018","15","796","64","33","4","3","{'long_function': 0, 'too_many_parameters': 0, 'deep_nesting': 0, 'large_file': 1, 'god_class': 2}","15.2","1"
"https://github.com/python-attrs/attrs.git","tests/test_filters.py","c98b6cb24f368c3fda5f08e78099d00adde3d8f8","2022-07-27T14:01:15Z","0.018","1","91","5","4","2","0","{'long_function': 0, 'too_many_parameters': 0, 'deep_nesting': 0, 'large_file': 0, 'god_class': 0}","93.45","0"
"https://github.com/python-attrs/attrs.git","tests/test_funcs.py","c98b6cb24f368c3fda5f08e78099d00adde3d8f8","2022-07-27T14:01:15Z","0.018","28","529","47","20","9","19","{'long_function': 0, 'too_many_parameters': 0, 'deep_nesting': 16, 'large_file': 1, 'god_class': 2}","0","1"
"https://github.com/python-attrs/attrs.git","tests/test_functional.py","c98b6cb24f368c3fda5f08e78099d00adde3d8f8","2022-07-27T14:01:15Z","0.018","12","589","33","46","4","4","{'long_function': 1, 'too_many_parameters': 1, 'deep_nesting': 0, 'large_file': 1, 'god_class': 1}","26.55","1"
"https://github.com/python-attrs/attrs.git","tests/test_hooks.py","c98b6cb24f368c3fda5f08e78099d00adde3d8f8","2022-07-27T14:01:15Z","0.018","9","161","17","14","4","0","{'long_function': 0, 'too_many_parameters': 0, 'deep_nesting': 0, 'large_file': 0, 'god_class': 0}","73.95","0"
"https://github.com/python-attrs/attrs.git","tests/test_import.py","c98b6cb24f368c3fda5f08e78099d00adde3d8f8","2022-07-27T14:01:15Z","0.018","1","6","1","1","2","0","{'long_function': 0, 'too_many_parameters': 0, 'deep_nesting': 0, 'large_file': 0, 'god_class': 0}","97.7","0"
"https://github.com/python-attrs/attrs.git","tests/test_init_subclass.py","c98b6cb24f368c3fda5f08e78099d00adde3d8f8","2022-07-27T14:01:15Z","0.018","1","33","4","4","3","0","{'long_function': 0, 'too_many_parameters': 0, 'deep_nesting': 0, 'large_file': 0, 'god_class': 0}","96.35","1"
"https://github.com/python-attrs/attrs.git","tests/test_make.py","c98b6cb24f368c3fda5f08e78099d00adde3d8f8","2022-07-27T14:01:15Z","0.018","37","1879","169","130","5","8","{'long_function': 0, 'too_many_parameters': 1, 'deep_nesting': 3, 'large_file': 1, 'god_class': 3}","0","1"
"https://github.com/python-attrs/attrs.git","tests/test_next_gen.py","c98b6cb24f368c3fda5f08e78099d00adde3d8f8","2022-07-27T14:01:15Z","0.018","4","318","30","31","5","3","{'long_function': 0, 'too_many_parameters': 0, 'deep_nesting': 2, 'large_file': 0, 'god_class': 1}","61.1","1"
"https://github.com/python-attrs/attrs.git","tests/test_pattern_matching.py","c98b6cb24f368c3fda5f08e78099d00adde3d8f8","2022-07-27T14:01:15Z","0.018","7","75","3","5","3","0","{'long_function': 0, 'too_many_parameters': 0, 'deep_nesting': 0, 'large_file': 0, 'god_class': 0}","82.25","0"
"https://github.com/python-attrs/attrs.git","tests/test_pyright.py","c98b6cb24f368c3fda5f08e78099d00adde3d8f8","2022-07-27T14:01:15Z","0.018","3","55","1","1","1","0","{'long_function': 0, 'too_many_parameters': 0, 'deep_nesting': 0, 'large_file': 0, 'god_class': 0}","91.25","1"
"https://github.com/python-attrs/attrs.git","tests/test_setattr.py","c98b6cb24f368c3fda5f08e78099d00adde3d8f8","2022-07-27T14:01:15Z","0.018","1","308","29","27","5","3","{'long_function': 0, 'too_many_parameters': 0, 'deep_nesting': 2, 'large_file': 0, 'god_class': 1}","67.6","1"
"https://github.com/python-attrs/attrs.git","tests/test_slots.py","c98b6cb24f368c3fda5f08e78099d00adde3d8f8","2022-07-27T14:01:15Z","0.018","6","529","56","38","4","3","{'long_function': 2, 'too_many_parameters': 0, 'deep_nesting': 0, 'large_file': 1, 'god_class': 0}","46.55","1"
"https://github.com/python-attrs/attrs.git","tests/test_validators.py","c98b6cb24f368c3fda5f08e78099d00adde3d8f8","2022-07-27T14:01:15Z","0.018","6","885","84","29","4","2","{'long_function': 0, 'too_many_parameters': 0, 'deep_nesting': 0, 'large_file': 1, 'god_class': 1}","33.75","0"
"https://github.com/python-attrs/attrs.git","tests/test_version_info.py","c98b6cb24f368c3fda5f08e78099d00adde3d8f8","2022-07-27T14:01:15Z","0.018","1","44","6","1","3","0","{'long_function': 0, 'too_many_parameters': 0, 'deep_nesting': 0, 'large_file': 0, 'god_class': 0}","95.8","0"
"https://github.com/python-attrs/attrs.git","tests/typing_example.py","c98b6cb24f368c3fda5f08e78099d00adde3d8f8","2022-07-27T14:01:15Z","0.018","3","246","5","32","2","0","{'long_function': 0, 'too_many_parameters': 0, 'deep_nesting': 0, 'large_file': 0, 'god_class': 0}","81.7","1"
"https://github.com/python-attrs/attrs.git","tests/utils.py","c98b6cb24f368c3fda5f08e78099d00adde3d8f8","2022-07-27T14:01:15Z","0.1038","2","73","4","1","2","2","{'long_function': 0, 'too_many_parameters': 2, 'deep_nesting': 0, 'large_file': 0, 'god_class': 0}","82.35","0"
"https://github.com/python-attrs/attrs.git","tests/__init__.py","c98b6cb24f368c3fda5f08e78099d00adde3d8f8","2022-07-27T14:01:15Z","0.018","1","0","0","0","0","0","{'long_function': 0, 'too_many_parameters': 0, 'deep_nesting': 0, 'large_file': 0, 'god_class': 0}","98.0","0"
"https://github.com/python-attrs/attrs.git","conftest.py","a37b556f7d762b7a6229b1fbf985965539571cd2","2023-07-28T15:40:56Z","0.0171","2","17","3","0","1","0","{'long_function': 0, 'too_many_parameters': 0, 'deep_nesting': 0, 'large_file': 0, 'god_class': 0}","95.15","0"
"https://github.com/python-attrs/attrs.git","docs/conf.py","a37b556f7d762b7a6229b1fbf985965539571cd2","2023-07-28T15:40:56Z","0.0171","2","78","0","0","1","0","{'long_function': 0, 'too_many_parameters': 0, 'deep_nesting': 0, 'large_file': 0, 'god_class': 0}","92.1","0"
"https://github.com/python-attrs/attrs.git","src/attr/converters.py","a37b556f7d762b7a6229b1fbf985965539571cd2","2023-07-28T15:40:56Z","0.0171","17","104","6","0","4","0","{'long_function': 0, 'too_many_parameters': 0, 'deep_nesting': 0, 'large_file': 0, 'god_class': 0}","60.8","0"
"https://github.com/python-attrs/attrs.git","src/attr/exceptions.py","a37b556f7d762b7a6229b1fbf985965539571cd2","2023-07-28T15:40:56Z","0.0525","1","59","2","9","2","0","{'long_function': 0, 'too_many_parameters': 0, 'deep_nesting': 0, 'large_file': 0, 'god_class': 0}","95.05","0"
"https://github.com/python-attrs/attrs.git","src/attr/filters.py","a37b556f7d762b7a6229b1fbf985965539571cd2","2023-07-28T15:40:56Z","0.0171","11","47","5","0","2","0","{'long_function': 0, 'too_many_parameters': 0, 'deep_nesting': 0, 'large_file': 0, 'god_class': 0}","75.65","0"
"https://github.com/python-attrs/attrs.git","src/attr/setters.py","a37b556f7d762b7a6229b1fbf985965539571cd2","2023-07-28T15:40:56Z","0.0171","5","45","5","0","3","0","{'long_function': 0, 'too_many_parameters': 0, 'deep_nesting': 0, 'large_file': 0, 'god_class': 0}","87.75","0"
"https://github.com/python-attrs/attrs.git","src/attr/validators.py","a37b556f7d762b7a6229b1fbf985965539571cd2","2023-07-28T15:40:56Z","0.0171","29","566","45","13","3","1","{'long_function': 0, 'too_many_parameters': 0, 'deep_nesting': 0, 'large_file': 1, 'god_class': 0}","8.7","0"
"https://github.com/python-attrs/attrs.git","src/attr/_cmp.py","a37b556f7d762b7a6229b1fbf985965539571cd2","2023-07-28T15:40:56Z","0.0171","13","110","7","0","3","2","{'long_function': 1, 'too_many_parameters': 1, 'deep_nesting': 0, 'large_file': 0, 'god_class': 0}","58.5","0"
"https://github.com/python-attrs/attrs.git","src/attr/_compat.py","a37b556f7d762b7a6229b1fbf985965539571cd2","2023-07-28T15:40:56Z","0.0476","14","117","13","1","5","2","{'long_function': 1, 'too_many_parameters': 0, 'deep_nesting': 1, 'large_file': 0, 'god_class': 0}","56.15","0"
"https://github.com/python-attrs/attrs.git","src/attr/_config.py","a37b556f7d762b7a6229b1fbf985965539571cd2","2023-07-28T15:40:56Z","0.0171","2","21","2","0","2","0","{'long_function': 0, 'too_many_parameters': 0, 'deep_nesting': 0, 'large_file': 0, 'god_class': 0}","94.95","0"
"https://github.com/python-attrs/attrs.git","src/attr/_funcs.py","a37b556f7d762b7a6229b1fbf985965539571cd2","2023-07-28T15:40:56Z","0.0293","51","404","7","0","6","13","{'long_function': 5, 'too_many_parameters': 2, 'deep_nesting': 6, 'large_file': 0, 'god_class': 0}","0","1"
"https://github.com/python-attrs/attrs.git","src/attr/_make.py","a37b556f7d762b7a6229b1fbf985965539571cd2","2023-07-28T15:40:56Z","0.0521","347","2341","92","7","6","57","{'long_function': 13, 'too_many_parameters': 8, 'deep_nesting': 34, 'large_file': 1, 'god_class': 1}","0","1"
"https://github.com/python-attrs/attrs.git","src/attr/_next_gen.py","a37b556f7d762b7a6229b1fbf985965539571cd2","2023-07-28T15:40:56Z","0.0171","9","189","6","0","5","4","{'long_function': 1, 'too_many_parameters': 2, 'deep_nesting': 1, 'large_file': 0, 'god_class': 0}","52.55","1"
"https://github.com/python-attrs/attrs.git","src/attr/_version_info.py","a37b556f7d762b7a6229b1fbf985965539571cd2","2023-07-28T15:40:56Z","0.0171","7","63","4","1","3","0","{'long_function': 0, 'too_many_parameters': 0, 'deep_nesting': 0, 'large_file': 0, 'god_class': 0}","82.85","0"
"https://github.com/python-attrs/attrs.git","src/attr/__init__.py","a37b556f7d762b7a6229b1fbf985965539571cd2","2023-07-28T15:40:56Z","0.0171","10","111","2","1","8","5","{'long_function': 1, 'too_many_parameters': 0, 'deep_nesting': 4, 'large_file': 0, 'god_class': 0}","49.45","0"
"https://github.com/python-attrs/attrs.git","src/attrs/converters.py","a37b556f7d762b7a6229b1fbf985965539571cd2","2023-07-28T15:40:56Z","0.0171","1","1","0","0","0","0","{'long_function': 0, 'too_many_parameters': 0, 'deep_nesting': 0, 'large_file': 0, 'god_class': 0}","97.95","0"
"https://github.com/python-attrs/attrs.git","src/attrs/exceptions.py","a37b556f7d762b7a6229b1fbf985965539571cd2","2023-07-28T15:40:56Z","0.0525","1","1","0","0","0","0","{'long_function': 0, 'too_many_parameters': 0, 'deep_nesting': 0, 'large_file': 0, 'god_class': 0}","97.95","0"
"https://github.com/python-attrs/attrs.git","src/attrs/filters.py","a37b556f7d762b7a6229b1fbf985965539571cd2","2023-07-28T15:40:56Z","0.0171","1","1","0","0","0","0","{'long_function': 0, 'too_many_parameters': 0, 'deep_nesting': 0, 'large_file': 0, 'god_class': 0}","97.95","0"
"https://github.com/python-attrs/attrs.git","src/attrs/setters.py","a37b556f7d762b7a6229b1fbf985965539571cd2","2023-07-28T15:40:56Z","0.0171","1","1","0","0","0","0","{'long_function': 0, 'too_many_parameters': 0, 'deep_nesting': 0, 'large_file': 0, 'god_class': 0}","97.95","0"
"https://github.com/python-attrs/attrs.git","src/attrs/validators.py","a37b556f7d762b7a6229b1fbf985965539571cd2","2023-07-28T15:40:56Z","0.0171","1","1","0","0","0","0","{'long_function': 0, 'too_many_parameters': 0, 'deep_nesting': 0, 'large_file': 0, 'god_class': 0}","97.95","0"
"https://github.com/python-attrs/attrs.git","src/attrs/__init__.py","a37b556f7d762b7a6229b1fbf985965539571cd2","2023-07-28T15:40:56Z","0.0171","1","59","0","0","0","0","{'long_function': 0, 'too_many_parameters': 0, 'deep_nesting': 0, 'large_file': 0, 'god_class': 0}","95.05","0"
"https://github.com/python-attrs/attrs.git","tests/attr_import_star.py","a37b556f7d762b7a6229b1fbf985965539571cd2","2023-07-28T15:40:56Z","0.0171","1","1","0","0","0","0","{'long_function': 0, 'too_many_parameters': 0, 'deep_nesting': 0, 'large_file': 0, 'god_class': 0}","97.95","0"
"https://github.com/python-attrs/attrs.git","tests/dataclass_transform_example.py","a37b556f7d762b7a6229b1fbf985965539571cd2","2023-07-28T15:40:56Z","0.0171","1","32","0","6","1","0","{'long_function': 0, 'too_many_parameters': 0, 'deep_nesting': 0, 'large_file': 0, 'god_class': 0}","96.4","0"
"https://github.com/python-attrs/attrs.git","tests/strategies.py","a37b556f7d762b7a6229b1fbf985965539571cd2","2023-07-28T15:40:56Z","0.0536","16","146","8","0","4","1","{'long_function': 1, 'too_many_parameters': 0, 'deep_nesting': 0, 'large_file': 0, 'god_class': 0}","55.7","0"
"https://github.com/python-attrs/attrs.git","tests/test_3rd_party.py","a37b556f7d762b7a6229b1fbf985965539571cd2","2023-07-28T15:40:56Z","0.0171","1","19","1","1","2","0","{'long_function': 0, 'too_many_parameters': 0, 'deep_nesting': 0, 'large_file': 0, 'god_class': 0}","97.05","0"
"https://github.com/python-attrs/attrs.git","tests/test_abc.py","a37b556f7d762b7a6229b1fbf985965539571cd2","2023-07-28T15:40:56Z","0.0171","2","45","5","5","4","0","{'long_function': 0, 'too_many_parameters': 0, 'deep_nesting': 0, 'large_file': 0, 'god_class': 0}","93.75","0"
"https://github.com/python-attrs/attrs.git","tests/test_annotations.py","a37b556f7d762b7a6229b1fbf985965539571cd2","2023-07-28T15:40:56Z","0.0171","3","527","52","36","4","3","{'long_function': 1, 'too_many_parameters': 0, 'deep_nesting': 0, 'large_file': 1, 'god_class': 1}","52.65","0"
"https://github.com/python-attrs/attrs.git","tests/test_cmp.py","a37b556f7d762b7a6229b1fbf985965539571cd2","2023-07-28T15:40:56Z","0.0171","8","396","38","6","4","1","{'long_function': 0, 'too_many_parameters': 0, 'deep_nesting': 0, 'large_file': 0, 'god_class': 1}","59.2","0"
"https://github.com/python-attrs/attrs.git","tests/test_compat.py","a37b556f7d762b7a6229b1fbf985965539571cd2","2023-07-28T15:40:56Z","0.0171","1","37","3","1","3","0","{'long_function': 0, 'too_many_parameters': 0, 'deep_nesting': 0, 'large_file': 0, 'god_class': 0}","96.15","0"
"https://github.com/python-attrs/attrs.git","tests/test_config.py","a37b556f7d762b7a6229b1fbf985965539571cd2","2023-07-28T15:40:56Z","0.0171","1","34","4","1","3","0","{'long_function': 0, 'too_many_parameters': 0, 'deep_nesting': 0, 'large_file': 0, 'god_class': 0}","96.3","0"
"https://github.com/python-attrs/attrs.git","tests/test_converters.py","a37b556f7d762b7a6229b1fbf985965539571cd2","2023-07-28T15:40:56Z","0.0171","1","125","16","5","3","0","{'long_function': 0, 'too_many_parameters': 0, 'deep_nesting': 0, 'large_file': 0, 'god_class': 0}","91.75","0"
"https://github.com/python-attrs/attrs.git","tests/test_dunders.py","a37b556f7d762b7a6229b1fbf985965539571cd2","2023-07-28T15:40:56Z","0.0171","15","791","64","33","4","3","{'long_function': 0, 'too_many_parameters': 0, 'deep_nesting': 0, 'large_file': 1, 'god_class': 2}","15.45","1"
"https://github.com/python-attrs/attrs.git","tests/test_filters.py","a37b556f7d762b7a6229b1fbf985965539571cd2","2023-07-28T15:40:56Z","0.0171","1","108","5","4","2","0","{'long_function': 0, 'too_many_parameters': 0, 'deep_nesting': 0, 'large_file': 0, 'god_class': 0}","92.6","0"
"https://github.com/python-attrs/attrs.git","tests/test_funcs.py","a37b556f7d762b7a6229b1fbf985965539571cd2","2023-07-28T15:40:56Z","0.0171","28","570","52","23","9","20","{'long_function': 0, 'too_many_parameters': 0, 'deep_nesting': 16, 'large_file': 1, 'god_class': 3}","0","1"
"https://github.com/python-attrs/attrs.git","tests/test_functional.py","a37b556f7d762b7a6229b1fbf985965539571cd2","2023-07-28T15:40:56Z","0.0171","12","584","34","47","4","4","{'long_function': 1, 'too_many_parameters': 1, 'deep_nesting': 0, 'large_file': 1, 'god_class': 1}","26.8","0"
"https://github.com/python-attrs/attrs.git","tests/test_hooks.py","a37b556f7d762b7a6229b1fbf985965539571cd2","2023-07-28T15:40:56Z","0.0171","10","175","19","15","4","0","{'long_function': 0, 'too_many_parameters': 0, 'deep_nesting': 0, 'large_file': 0, 'god_class': 0}","71.25","0"
"https://github.com/python-attrs/attrs.git","tests/test_import.py","a37b556f7d762b7a6229b1fbf985965539571cd2","2023-07-28T15:40:56Z","0.0171","1","6","1","1","2","0","{'long_function': 0, 'too_many_parameters': 0, 'deep_nesting': 0, 'large_file': 0, 'god_class': 0}","97.7","0"
"https://github.com/python-attrs/attrs.git","tests/test_init_subclass.py","a37b556f7d762b7a6229b1fbf985965539571cd2","2023-07-28T15:40:56Z","0.0171","1","47","6","7","3","0","{'long_function': 0, 'too_many_parameters': 0, 'deep_nesting': 0, 'large_file': 0, 'god_class': 0}","95.65","0"
"https://github.com/python-attrs/attrs.git","tests/test_make.py","a37b556f7d762b7a6229b1fbf985965539571cd2","2023-07-28T15:40:56Z","0.0171","37","1945","173","135","5","9","{'long_function': 1, 'too_many_parameters': 1, 'deep_nesting': 3, 'large_file': 1, 'god_class': 3}","0","1"
"https://github.com/python-attrs/attrs.git","tests/test_next_gen.py","a37b556f7d762b7a6229b1fbf985965539571cd2","2023-07-28T15:40:56Z","0.0171","4","350","33","32","5","3","{'long_function': 0, 'too_many_parameters': 0, 'deep_nesting': 2, 'large_file': 0, 'god_class': 1}","59.5","0"
"https://github.com/python-attrs/attrs.git","tests/test_packaging.py","a37b556f7d762b7a6229b1fbf985965539571cd2","2023-07-28T15:40:56Z","0.0171","2","105","11","1","3","0","{'long_function': 0, 'too_many_parameters': 0, 'deep_nesting': 0, 'large_file': 0, 'god_class': 0}","90.75","0"
"https://github.com/python-attrs/attrs.git","tests/test_pattern_matching.py","a37b556f7d762b7a6229b1fbf985965539571cd2","2023-07-28T15:40:56Z","0.0171","7","75","3","5","3","0","{'long_function': 0, 'too_many_parameters': 0, 'deep_nesting': 0, 'large_file': 0, 'god_class': 0}","82.25","0"
"https://github.com/python-attrs/attrs.git","tests/test_pyright.py","a37b556f7d762b7a6229b1fbf985965539571cd2","2023-07-28T15:40:56Z","0.0171","2","90","3","1","1","0","{'long_function': 0, 'too_many_parameters': 0, 'deep_nesting': 0, 'large_file': 0, 'god_class': 0}","91.5","0"
"https://github.com/python-attrs/attrs.git","tests/test_setattr.py","a37b556f7d762b7a6229b1fbf985965539571cd2","2023-07-28T15:40:56Z","0.0171","1","301","29","27","5","3","{'long_function': 0, 'too_many_parameters': 0, 'deep_nesting': 2, 'large_file': 0, 'god_class': 1}","67.95","0"
"https://github.com/python-attrs/attrs.git","tests/test_slots.py","a37b556f7d762b7a6229b1fbf985965539571cd2","2023-07-28T15:40:56Z","0.0171","6","584","59","41","4","3","{'long_function': 2, 'too_many_parameters': 0, 'deep_nesting': 0, 'large_file': 1, 'god_class': 0}","43.8","0"
"https://github.com/python-attrs/attrs.git","tests/test_utils.py","a37b556f7d762b7a6229b1fbf985965539571cd2","2023-07-28T15:40:56Z","0.0171","1","15","2","1","2","0","{'long_function': 0, 'too_many_parameters': 0, 'deep_nesting': 0, 'large_file': 0, 'god_class': 0}","97.25","0"
"https://github.com/python-attrs/attrs.git","tests/test_validators.py","a37b556f7d762b7a6229b1fbf985965539571cd2","2023-07-28T15:40:56Z","0.0171","7","1123","104","32","4","3","{'long_function': 0, 'too_many_parameters': 0, 'deep_nesting': 0, 'large_file': 1, 'god_class': 2}","14.85","0"
"https://github.com/python-attrs/attrs.git","tests/test_version_info.py","a37b556f7d762b7a6229b1fbf985965539571cd2","2023-07-28T15:40:56Z","0.0171","1","44","6","1","3","0","{'long_function': 0, 'too_many_parameters': 0, 'deep_nesting': 0, 'large_file': 0, 'god_class': 0}","95.8","0"
"https://github.com/python-attrs/attrs.git","tests/typing_example.py","a37b556f7d762b7a6229b1fbf985965539571cd2","2023-07-28T15:40:56Z","0.0171","6","291","6","34","2","0","{'long_function': 0, 'too_many_parameters': 0, 'deep_nesting': 0, 'large_file': 0, 'god_class': 0}","73.45","0"
"https://github.com/python-attrs/attrs.git","tests/utils.py","a37b556f7d762b7a6229b1fbf985965539571cd2","2023-07-28T15:40:56Z","0.1137","2","60","2","0","1","2","{'long_function': 0, 'too_many_parameters': 2, 'deep_nesting': 0, 'large_file': 0, 'god_class': 0}","83.0","0"
"https://github.com/python-attrs/attrs.git","tests/__init__.py","a37b556f7d762b7a6229b1fbf985965539571cd2","2023-07-28T15:40:56Z","0.0171","1","0","0","0","0","0","{'long_function': 0, 'too_many_parameters': 0, 'deep_nesting': 0, 'large_file': 0, 'god_class': 0}","98.0","0"
"https://github.com/python-attrs/attrs.git","conftest.py","4580a74fc9019786d7fb2e722c890033dfe47517","2024-10-29T14:34:22Z","0.0169","2","22","3","0","1","0","{'long_function': 0, 'too_many_parameters': 0, 'deep_nesting': 0, 'large_file': 0, 'god_class': 0}","94.9","0"
"https://github.com/python-attrs/attrs.git","bench/test_benchmarks.py","4580a74fc9019786d7fb2e722c890033dfe47517","2024-10-29T14:34:22Z","0.0169","9","88","8","4","3","0","{'long_function': 0, 'too_many_parameters': 0, 'deep_nesting': 0, 'large_file': 0, 'god_class': 0}","77.6","0"
"https://github.com/python-attrs/attrs.git","docs/conf.py","4580a74fc9019786d7fb2e722c890033dfe47517","2024-10-29T14:34:22Z","0.0169","3","89","0","0","1","0","{'long_function': 0, 'too_many_parameters': 0, 'deep_nesting': 0, 'large_file': 0, 'god_class': 0}","89.55","0"
"https://github.com/python-attrs/attrs.git","src/attr/converters.py","4580a74fc9019786d7fb2e722c890033dfe47517","2024-10-29T14:34:22Z","0.0169","16","107","6","0","4","1","{'long_function': 1, 'too_many_parameters': 0, 'deep_nesting': 0, 'large_file': 0, 'god_class': 0}","57.65","0"
"https://github.com/python-attrs/attrs.git","src/attr/exceptions.py","4580a74fc9019786d7fb2e722c890033dfe47517","2024-10-29T14:34:22Z","0.0516","1","61","2","9","2","0","{'long_function': 0, 'too_many_parameters': 0, 'deep_nesting': 0, 'large_file': 0, 'god_class': 0}","94.95","0"
"https://github.com/python-attrs/attrs.git","src/attr/filters.py","4580a74fc9019786d7fb2e722c890033dfe47517","2024-10-29T14:34:22Z","0.0169","11","53","5","0","2","0","{'long_function': 0, 'too_many_parameters': 0, 'deep_nesting': 0, 'large_file': 0, 'god_class': 0}","75.35","0"
"https://github.com/python-attrs/attrs.git","src/attr/setters.py","4580a74fc9019786d7fb2e722c890033dfe47517","2024-10-29T14:34:22Z","0.0169","6","48","5","0","3","0","{'long_function': 0, 'too_many_parameters': 0, 'deep_nesting': 0, 'large_file': 0, 'god_class': 0}","85.6","0"
"https://github.com/python-attrs/attrs.git","src/attr/validators.py","4580a74fc9019786d7fb2e722c890033dfe47517","2024-10-29T14:34:22Z","0.0169","33","541","45","13","4","1","{'long_function': 0, 'too_many_parameters': 0, 'deep_nesting': 0, 'large_file': 1, 'god_class': 0}","1.95","0"
"https://github.com/python-attrs/attrs.git","src/attr/_cmp.py","4580a74fc9019786d7fb2e722c890033dfe47517","2024-10-29T14:34:22Z","0.0169","12","111","7","0","3","2","{'long_function': 1, 'too_many_parameters': 1, 'deep_nesting': 0, 'large_file': 0, 'god_class': 0}","60.45","0"
"https://github.com/python-attrs/attrs.git","src/attr/_compat.py","4580a74fc9019786d7fb2e722c890033dfe47517","2024-10-29T14:34:22Z","0.0468","9","59","5","1","3","0","{'long_function': 0, 'too_many_parameters': 0, 'deep_nesting': 0, 'large_file': 0, 'god_class': 0}","79.05","0"
"https://github.com/python-attrs/attrs.git","src/attr/_config.py","4580a74fc9019786d7fb2e722c890033dfe47517","2024-10-29T14:34:22Z","0.0169","2","22","2","0","2","0","{'long_function': 0, 'too_many_parameters': 0, 'deep_nesting': 0, 'large_file': 0, 'god_class': 0}","94.9","0"
"https://github.com/python-attrs/attrs.git","src/attr/_funcs.py","4580a74fc9019786d7fb2e722c890033dfe47517","2024-10-29T14:34:22Z","0.0288","53","429","7","0","7","17","{'long_function': 5, 'too_many_parameters': 2, 'deep_nesting': 10, 'large_file': 0, 'god_class': 0}","0","1"
"https://github.com/python-attrs/attrs.git","src/attr/_make.py","4580a74fc9019786d7fb2e722c890033dfe47517","2024-10-29T14:34:22Z","0.0513","377","2315","96","8","6","54","{'long_function': 14, 'too_many_parameters': 8, 'deep_nesting': 30, 'large_file': 1, 'god_class': 1}","0","1"
"https://github.com/python-attrs/attrs.git","src/attr/_next_gen.py","4580a74fc9019786d7fb2e722c890033dfe47517","2024-10-29T14:34:22Z","0.0169","9","486","6","0","5","5","{'long_function': 2, 'too_many_parameters': 2, 'deep_nesting': 1, 'large_file': 0, 'god_class': 0}","32.7","1"
"https://github.com/python-attrs/attrs.git","src/attr/_version_info.py","4580a74fc9019786d7fb2e722c890033dfe47517","2024-10-29T14:34:22Z","0.0169","7","63","4","1","3","0","{'long_function': 0, 'too_many_parameters': 0, 'deep_nesting': 0, 'large_file': 0, 'god_class': 0}","82.85","0"
"https://github.com/python-attrs/attrs.git","src/attr/__init__.py","4580a74fc9019786d7fb2e722c890033dfe47517","2024-10-29T14:34:22Z","0.0169","3","79","2","1","3","0","{'long_function': 0, 'too_many_parameters': 0, 'deep_nesting': 0, 'large_file': 0, 'god_class': 0}","90.05","1"
"https://github.com/python-attrs/attrs.git","src/attrs/converters.py","4580a74fc9019786d7fb2e722c890033dfe47517","2024-10-29T14:34:22Z","0.0169","1","1","0","0","0","0","{'long_function': 0, 'too_many_parameters': 0, 'deep_nesting': 0, 'large_file': 0, 'god_class': 0}","97.95","0"
"https://github.com/python-attrs/attrs.git","src/attrs/exceptions.py","4580a74fc9019786d7fb2e722c890033dfe47517","2024-10-29T14:34:22Z","0.0516","1","1","0","0","0","0","{'long_function': 0, 'too_many_parameters': 0, 'deep_nesting': 0, 'large_file': 0, 'god_class': 0}","97.95","0"
"https://github.com/python-attrs/attrs.git","src/attrs/filters.py","4580a74fc9019786d7fb2e722c890033dfe47517","2024-10-29T14:34:22Z","0.0169","1","1","0","0","0","0","{'long_function': 0, 'too_many_parameters': 0, 'deep_nesting': 0, 'large_file': 0, 'god_class': 0}","97.95","0"
"https://github.com/python-attrs/attrs.git","src/attrs/setters.py","4580a74fc9019786d7fb2e722c890033dfe47517","2024-10-29T14:34:22Z","0.0169","1","1","0","0","0","0","{'long_function': 0, 'too_many_parameters': 0, 'deep_nesting': 0, 'large_file': 0, 'god_class': 0}","97.95","0"
"https://github.com/python-attrs/attrs.git","src/attrs/validators.py","4580a74fc9019786d7fb2e722c890033dfe47517","2024-10-29T14:34:22Z","0.0169","1","1","0","0","0","0","{'long_function': 0, 'too_many_parameters': 0, 'deep_nesting': 0, 'large_file': 0, 'god_class': 0}","97.95","0"
"https://github.com/python-attrs/attrs.git","src/attrs/__init__.py","4580a74fc9019786d7fb2e722c890033dfe47517","2024-10-29T14:34:22Z","0.0169","1","61","0","0","0","0","{'long_function': 0, 'too_many_parameters': 0, 'deep_nesting': 0, 'large_file': 0, 'god_class': 0}","94.95","1"
"https://github.com/python-attrs/attrs.git","tests/attr_import_star.py","4580a74fc9019786d7fb2e722c890033dfe47517","2024-10-29T14:34:22Z","0.0169","1","1","0","0","0","0","{'long_function': 0, 'too_many_parameters': 0, 'deep_nesting': 0, 'large_file': 0, 'god_class': 0}","97.95","0"
"https://github.com/python-attrs/attrs.git","tests/dataclass_transform_example.py","4580a74fc9019786d7fb2e722c890033dfe47517","2024-10-29T14:34:22Z","0.0169","1","32","0","6","1","0","{'long_function': 0, 'too_many_parameters': 0, 'deep_nesting': 0, 'large_file': 0, 'god_class': 0}","96.4","0"
"https://github.com/python-attrs/attrs.git","tests/strategies.py","4580a74fc9019786d7fb2e722c890033dfe47517","2024-10-29T14:34:22Z","0.0527","19","161","9","1","4","2","{'long_function': 1, 'too_many_parameters': 1, 'deep_nesting': 0, 'large_file': 0, 'god_class': 0}","43.95","0"
"https://github.com/python-attrs/attrs.git","tests/test_3rd_party.py","4580a74fc9019786d7fb2e722c890033dfe47517","2024-10-29T14:34:22Z","0.0169","1","23","1","1","2","0","{'long_function': 0, 'too_many_parameters': 0, 'deep_nesting': 0, 'large_file': 0, 'god_class': 0}","96.85","1"
"https://github.com/python-attrs/attrs.git","tests/test_abc.py","4580a74fc9019786d7fb2e722c890033dfe47517","2024-10-29T14:34:22Z","0.0169","2","47","5","5","4","0","{'long_function': 0, 'too_many_parameters': 0, 'deep_nesting': 0, 'large_file': 0, 'god_class': 0}","93.65","0"
"https://github.com/python-attrs/attrs.git","tests/test_annotations.py","4580a74fc9019786d7fb2e722c890033dfe47517","2024-10-29T14:34:22Z","0.0169","7","534","52","36","4","3","{'long_function': 1, 'too_many_parameters': 0, 'deep_nesting': 0, 'large_file': 1, 'god_class': 1}","44.3","0"
"https://github.com/python-attrs/attrs.git","tests/test_cmp.py","4580a74fc9019786d7fb2e722c890033dfe47517","2024-10-29T14:34:22Z","0.0169","9","412","38","6","4","1","{'long_function': 0, 'too_many_parameters': 0, 'deep_nesting': 0, 'large_file': 0, 'god_class': 1}","56.4","0"
"https://github.com/python-attrs/attrs.git","tests/test_compat.py","4580a74fc9019786d7fb2e722c890033dfe47517","2024-10-29T14:34:22Z","0.0169","1","45","5","2","3","0","{'long_function': 0, 'too_many_parameters': 0, 'deep_nesting': 0, 'large_file': 0, 'god_class': 0}","95.75","0"
"https://github.com/python-attrs/attrs.git","tests/test_config.py","4580a74fc9019786d7fb2e722c890033dfe47517","2024-10-29T14:34:22Z","0.0169","1","34","4","1","3","0","{'long_function': 0, 'too_many_parameters': 0, 'deep_nesting': 0, 'large_file': 0, 'god_class': 0}","96.3","0"
"https://github.com/python-attrs/attrs.git","tests/test_converters.py","4580a74fc9019786d7fb2e722c890033dfe47517","2024-10-29T14:34:22Z","0.0169","1","222","24","7","3","0","{'long_function': 0, 'too_many_parameters': 0, 'deep_nesting': 0, 'large_file': 0, 'god_class': 0}","86.9","0"
"https://github.com/python-attrs/attrs.git","tests/test_dunders.py","4580a74fc9019786d7fb2e722c890033dfe47517","2024-10-29T14:34:22Z","0.0169","16","823","66","33","4","4","{'long_function': 0, 'too_many_parameters': 0, 'deep_nesting': 0, 'large_file': 1, 'god_class': 3}","6.85","0"
"https://github.com/python-attrs/attrs.git","tests/test_filters.py","4580a74fc9019786d7fb2e722c890033dfe47517","2024-10-29T14:34:22Z","0.0169","1","108","5","4","2","0","{'long_function': 0, 'too_many_parameters': 0, 'deep_nesting': 0, 'large_file': 0, 'god_class': 0}","92.6","0"
"https://github.com/python-attrs/attrs.git","tests/test_funcs.py","4580a74fc9019786d7fb2e722c890033dfe47517","2024-10-29T14:34:22Z","0.0169","30","626","57","30","9","22","{'long_function': 0, 'too_many_parameters': 0, 'deep_nesting': 18, 'large_file': 1, 'god_class': 3}","0","0"
"https://github.com/python-attrs/attrs.git","tests/test_functional.py","4580a74fc9019786d7fb2e722c890033dfe47517","2024-10-29T14:34:22Z","0.0169","12","599","37","49","4","4","{'long_function': 1, 'too_many_parameters': 1, 'deep_nesting': 0, 'large_file': 1, 'god_class': 1}","26.05","1"
"https://github.com/python-attrs/attrs.git","tests/test_hooks.py","4580a74fc9019786d7fb2e722c890033dfe47517","2024-10-29T14:34:22Z","0.0169","10","175","19","15","4","0","{'long_function': 0, 'too_many_parameters': 0, 'deep_nesting': 0, 'large_file': 0, 'god_class': 0}","71.25","0"
"https://github.com/python-attrs/attrs.git","tests/test_import.py","4580a74fc9019786d7fb2e722c890033dfe47517","2024-10-29T14:34:22Z","0.0169","1","6","1","1","2","0","{'long_function': 0, 'too_many_parameters': 0, 'deep_nesting': 0, 'large_file': 0, 'god_class': 0}","97.7","0"
"https://github.com/python-attrs/attrs.git","tests/test_init_subclass.py","4580a74fc9019786d7fb2e722c890033dfe47517","2024-10-29T14:34:22Z","0.0169","1","47","6","7","3","0","{'long_function': 0, 'too_many_parameters': 0, 'deep_nesting': 0, 'large_file': 0, 'god_class': 0}","95.65","0"
"https://github.com/python-attrs/attrs.git","tests/test_make.py","4580a74fc9019786d7fb2e722c890033dfe47517","2024-10-29T14:34:22Z","0.0169","36","2062","190","143","5","12","{'long_function': 1, 'too_many_parameters': 1, 'deep_nesting': 4, 'large_file': 1, 'god_class': 5}","0","0"
"https://github.com/python-attrs/attrs.git","tests/test_next_gen.py","4580a74fc9019786d7fb2e722c890033dfe47517","2024-10-29T14:34:22Z","0.0169","5","360","33","32","5","3","{'long_function': 0, 'too_many_parameters': 0, 'deep_nesting': 2, 'large_file': 0, 'god_class': 1}","57.0","0"
"https://github.com/python-attrs/attrs.git","tests/test_packaging.py","4580a74fc9019786d7fb2e722c890033dfe47517","2024-10-29T14:34:22Z","0.0169","1","30","4","1","3","0","{'long_function': 0, 'too_many_parameters': 0, 'deep_nesting': 0, 'large_file': 0, 'god_class': 0}","96.5","0"
"https://github.com/python-attrs/attrs.git","tests/test_pattern_matching.py","4580a74fc9019786d7fb2e722c890033dfe47517","2024-10-29T14:34:22Z","0.0169","7","75","3","5","3","0","{'long_function': 0, 'too_many_parameters': 0, 'deep_nesting': 0, 'large_file': 0, 'god_class': 0}","82.25","0"
"https://github.com/python-attrs/attrs.git","tests/test_pyright.py","4580a74fc9019786d7fb2e722c890033dfe47517","2024-10-29T14:34:22Z","0.0169","2","86","3","0","1","0","{'long_function': 0, 'too_many_parameters': 0, 'deep_nesting': 0, 'large_file': 0, 'god_class': 0}","91.7","1"
"https://github.com/python-attrs/attrs.git","tests/test_setattr.py","4580a74fc9019786d7fb2e722c890033dfe47517","2024-10-29T14:34:22Z","0.0169","1","327","31","28","5","3","{'long_function': 0, 'too_many_parameters': 0, 'deep_nesting': 2, 'large_file': 0, 'god_class': 1}","66.65","0"
"https://github.com/python-attrs/attrs.git","tests/test_slots.py","4580a74fc9019786d7fb2e722c890033dfe47517","2024-10-29T14:34:22Z","0.0169","7","861","107","67","4","3","{'long_function': 2, 'too_many_parameters': 0, 'deep_nesting': 0, 'large_file': 1, 'god_class': 0}","27.95","0"
"https://github.com/python-attrs/attrs.git","tests/test_utils.py","4580a74fc9019786d7fb2e722c890033dfe47517","2024-10-29T14:34:22Z","0.0169","1","15","2","1","2","0","{'long_function': 0, 'too_many_parameters': 0, 'deep_nesting': 0, 'large_file': 0, 'god_class': 0}","97.25","0"
"https://github.com/python-attrs/attrs.git","tests/test_validators.py","4580a74fc9019786d7fb2e722c890033dfe47517","2024-10-29T14:34:22Z","0.0169","6","1087","101","31","4","3","{'long_function': 0, 'too_many_parameters': 0, 'deep_nesting': 0, 'large_file': 1, 'god_class': 2}","18.65","0"
"https://github.com/python-attrs/attrs.git","tests/test_version_info.py","4580a74fc9019786d7fb2e722c890033dfe47517","2024-10-29T14:34:22Z","0.0169","1","44","6","1","3","0","{'long_function': 0, 'too_many_parameters': 0, 'deep_nesting': 0, 'large_file': 0, 'god_class': 0}","95.8","0"
"https://github.com/python-attrs/attrs.git","tests/typing_example.py","4580a74fc9019786d7fb2e722c890033dfe47517","2024-10-29T14:34:22Z","0.0169","6","290","6","34","2","0","{'long_function': 0, 'too_many_parameters': 0, 'deep_nesting': 0, 'large_file': 0, 'god_class': 0}","73.5","1"
"https://github.com/python-attrs/attrs.git","tests/utils.py","4580a74fc9019786d7fb2e722c890033dfe47517","2024-10-29T14:34:22Z","0.1117","2","60","2","0","1","2","{'long_function': 0, 'too_many_parameters': 2, 'deep_nesting': 0, 'large_file': 0, 'god_class': 0}","83.0","0"
"https://github.com/python-attrs/attrs.git","tests/__init__.py","4580a74fc9019786d7fb2e722c890033dfe47517","2024-10-29T14:34:22Z","0.0169","1","0","0","0","0","0","{'long_function': 0, 'too_many_parameters': 0, 'deep_nesting': 0, 'large_file': 0, 'god_class': 0}","98.0","0"
